Order ID,Order Date,Ship Date,Region,Category,Sub-Category,Sales,Quantity,Discount,Profit
ORD-1000,2021-01-01,2021-01-03,Central,Office Supplies,Phones,2961.6,6,0.28,-533.09
ORD-1001,2021-01-02,2021-01-04,South,Technology,Storage,2430.82,4,0.04,145.85
ORD-1002,2021-01-03,2021-01-05,East,Furniture,Storage,3229.51,7,0.28,-581.31
ORD-1003,2021-01-04,2021-01-06,Central,Furniture,Chairs,371.03,8,0.21,-40.81
ORD-1004,2021-01-05,2021-01-07,Central,Furniture,Tables,2920.92,6,0.16,-175.26
ORD-1005,2021-01-06,2021-01-08,South,Furniture,Storage,2829.35,5,0.01,254.64
ORD-1006,2021-01-07,2021-01-09,East,Furniture,Storage,2825.27,6,0.14,-113.01
ORD-1007,2021-01-08,2021-01-10,East,Furniture,Binders,3037.26,5,0.12,-60.75
ORD-1008,2021-01-09,2021-01-11,Central,Furniture,Tables,3398.52,8,0.05,169.93
ORD-1009,2021-01-10,2021-01-12,West,Office Supplies,Binders,4034.7,1,0.2,-403.47
ORD-1010,2021-01-11,2021-01-13,Central,Technology,Tables,1385.61,7,0.29,-263.27
ORD-1011,2021-01-12,2021-01-14,Central,Furniture,Binders,4133.99,2,0.17,-289.38
ORD-1012,2021-01-13,2021-01-15,Central,Office Supplies,Storage,2516.37,9,0.21,-276.8
ORD-1013,2021-01-14,2021-01-16,Central,Office Supplies,Storage,431.44,1,0.02,34.52
ORD-1014,2021-01-15,2021-01-17,South,Technology,Chairs,339.83,6,0.13,-10.19
ORD-1015,2021-01-16,2021-01-18,East,Furniture,Binders,1704.48,9,0.03,119.31
ORD-1016,2021-01-17,2021-01-19,South,Technology,Phones,3935.24,1,0.18,-314.82
ORD-1017,2021-01-18,2021-01-20,South,Furniture,Chairs,3553.02,4,0.28,-639.54
ORD-1018,2021-01-19,2021-01-21,South,Office Supplies,Binders,3953.64,4,0.2,-395.36
ORD-1019,2021-01-20,2021-01-22,Central,Office Supplies,Binders,2610.48,9,0.02,208.84
ORD-1020,2021-01-21,2021-01-23,West,Office Supplies,Chairs,2228.99,5,0.11,-22.29
ORD-1021,2021-01-22,2021-01-24,East,Office Supplies,Storage,779.89,5,0.17,-54.59
ORD-1022,2021-01-23,2021-01-25,West,Technology,Binders,1674.55,6,0.12,-33.49
ORD-1023,2021-01-24,2021-01-26,South,Furniture,Storage,2198.4,1,0.25,-329.76
ORD-1024,2021-01-25,2021-01-27,South,Furniture,Chairs,488.57,1,0.24,-68.4
ORD-1025,2021-01-26,2021-01-28,West,Technology,Storage,1142.03,9,0.18,-91.36
ORD-1026,2021-01-27,2021-01-29,West,Furniture,Tables,3011.22,3,0.11,-30.11
ORD-1027,2021-01-28,2021-01-30,West,Office Supplies,Phones,3691.53,4,0.08,73.83
ORD-1028,2021-01-29,2021-01-31,South,Furniture,Binders,4991.82,1,0.03,349.43
ORD-1029,2021-01-30,2021-02-01,South,Office Supplies,Phones,4668.91,9,0.11,-46.69
ORD-1030,2021-01-31,2021-02-02,East,Technology,Storage,3230.7,8,0.12,-64.61
ORD-1031,2021-02-01,2021-02-03,East,Furniture,Binders,2135.18,2,0.2,-213.52
ORD-1032,2021-02-02,2021-02-04,South,Technology,Storage,3199.08,8,0.2,-319.91
ORD-1033,2021-02-03,2021-02-05,West,Furniture,Tables,3938.98,7,0.02,315.12
ORD-1034,2021-02-04,2021-02-06,West,Office Supplies,Chairs,635.76,6,0.12,-12.72
ORD-1035,2021-02-05,2021-02-07,East,Technology,Binders,2079.03,1,0.05,103.95
ORD-1036,2021-02-06,2021-02-08,South,Furniture,Tables,4207.02,7,0.05,210.35
ORD-1037,2021-02-07,2021-02-09,East,Office Supplies,Tables,1949.97,7,0.25,-292.5
ORD-1038,2021-02-08,2021-02-10,East,Technology,Binders,2880.77,9,0.01,259.27
ORD-1039,2021-02-09,2021-02-11,Central,Technology,Storage,2959.46,1,0.13,-88.78
ORD-1040,2021-02-10,2021-02-12,Central,Furniture,Tables,963.16,2,0.05,48.16
ORD-1041,2021-02-11,2021-02-13,Central,Furniture,Phones,1843.07,9,0.26,-294.89
ORD-1042,2021-02-12,2021-02-14,West,Furniture,Tables,1705.83,9,0.17,-119.41
ORD-1043,2021-02-13,2021-02-15,South,Office Supplies,Storage,179.67,6,0.07,5.39
ORD-1044,2021-02-14,2021-02-16,South,Furniture,Storage,169.75,6,0.15,-8.49
ORD-1045,2021-02-15,2021-02-17,South,Technology,Phones,4166.9,4,0.22,-500.03
ORD-1046,2021-02-16,2021-02-18,South,Technology,Tables,1401.7,4,0.29,-266.32
ORD-1047,2021-02-17,2021-02-19,Central,Furniture,Storage,2614.49,5,0.07,78.43
ORD-1048,2021-02-18,2021-02-20,West,Furniture,Binders,1528.69,3,0.27,-259.88
ORD-1049,2021-02-19,2021-02-21,West,Technology,Chairs,4706.36,1,0.28,-847.14
ORD-1050,2021-02-20,2021-02-22,Central,Office Supplies,Chairs,1333.52,1,0.27,-226.7
ORD-1051,2021-02-21,2021-02-23,West,Furniture,Chairs,2176.8,7,0.19,-195.91
ORD-1052,2021-02-22,2021-02-24,Central,Furniture,Tables,4370.01,1,0.19,-393.3
ORD-1053,2021-02-23,2021-02-25,South,Technology,Phones,4217.57,1,0.12,-84.35
ORD-1054,2021-02-24,2021-02-26,Central,Furniture,Storage,971.2,3,0.23,-126.26
ORD-1055,2021-02-25,2021-02-27,South,Office Supplies,Binders,4023.08,4,0.16,-241.38
ORD-1056,2021-02-26,2021-02-28,South,Technology,Binders,2318.03,4,0.2,-231.8
ORD-1057,2021-02-27,2021-03-01,East,Furniture,Tables,2440.7,2,0.13,-73.22
ORD-1058,2021-02-28,2021-03-02,Central,Technology,Chairs,710.73,1,0.22,-85.29
ORD-1059,2021-03-01,2021-03-03,East,Furniture,Tables,448.98,3,0.25,-67.35
ORD-1060,2021-03-02,2021-03-04,Central,Furniture,Phones,3653.3,4,0.04,219.2
ORD-1061,2021-03-03,2021-03-05,Central,Furniture,Phones,2507.48,3,0.25,-376.12
ORD-1062,2021-03-04,2021-03-06,East,Office Supplies,Storage,2212.41,8,0.16,-132.74
ORD-1063,2021-03-05,2021-03-07,East,Office Supplies,Storage,3661.07,1,0.25,-549.16
ORD-1064,2021-03-06,2021-03-08,Central,Technology,Phones,3839.29,2,0.13,-115.18
ORD-1065,2021-03-07,2021-03-09,West,Furniture,Phones,836.6,7,0.11,-8.37
ORD-1066,2021-03-08,2021-03-10,South,Furniture,Phones,3070.61,4,0.27,-522.0
ORD-1067,2021-03-09,2021-03-11,East,Office Supplies,Tables,720.0,8,0.08,14.4
ORD-1068,2021-03-10,2021-03-12,South,Furniture,Phones,3769.31,3,0.25,-565.4
ORD-1069,2021-03-11,2021-03-13,West,Office Supplies,Binders,3301.93,6,0.15,-165.1
ORD-1070,2021-03-12,2021-03-14,West,Furniture,Chairs,4785.24,9,0.15,-239.26
ORD-1071,2021-03-13,2021-03-15,West,Technology,Phones,391.34,1,0.09,3.91
ORD-1072,2021-03-14,2021-03-16,East,Furniture,Chairs,332.42,1,0.17,-23.27
ORD-1073,2021-03-15,2021-03-17,West,Furniture,Tables,1446.83,8,0.1,0.0
ORD-1074,2021-03-16,2021-03-18,East,Office Supplies,Chairs,1345.44,3,0.01,121.09
ORD-1075,2021-03-17,2021-03-19,West,Furniture,Tables,1272.55,5,0.08,25.45
ORD-1076,2021-03-18,2021-03-20,South,Furniture,Binders,4535.96,1,0.0,453.6
ORD-1077,2021-03-19,2021-03-21,South,Office Supplies,Tables,1285.25,5,0.29,-244.2
ORD-1078,2021-03-20,2021-03-22,Central,Technology,Tables,1396.15,6,0.29,-265.27
ORD-1079,2021-03-21,2021-03-23,South,Technology,Storage,3809.02,8,0.12,-76.18
ORD-1080,2021-03-22,2021-03-24,Central,Office Supplies,Phones,2276.21,3,0.22,-273.15
ORD-1081,2021-03-23,2021-03-25,South,Office Supplies,Phones,3894.72,3,0.1,0.0
ORD-1082,2021-03-24,2021-03-26,East,Office Supplies,Binders,373.56,9,0.2,-37.36
ORD-1083,2021-03-25,2021-03-27,South,Office Supplies,Binders,2463.48,4,0.24,-344.89
ORD-1084,2021-03-26,2021-03-28,Central,Office Supplies,Phones,216.39,4,0.28,-38.95
ORD-1085,2021-03-27,2021-03-29,Central,Technology,Storage,360.13,7,0.12,-7.2
ORD-1086,2021-03-28,2021-03-30,West,Technology,Phones,4536.87,2,0.23,-589.79
ORD-1087,2021-03-29,2021-03-31,East,Office Supplies,Storage,739.26,8,0.08,14.79
ORD-1088,2021-03-30,2021-04-01,South,Furniture,Binders,2685.48,6,0.3,-537.1
ORD-1089,2021-03-31,2021-04-02,West,Office Supplies,Chairs,2084.92,3,0.01,187.64
ORD-1090,2021-04-01,2021-04-03,South,Furniture,Binders,1769.35,9,0.18,-141.55
ORD-1091,2021-04-02,2021-04-04,South,Office Supplies,Binders,4504.18,5,0.2,-450.42
ORD-1092,2021-04-03,2021-04-05,West,Office Supplies,Tables,158.03,8,0.21,-17.38
ORD-1093,2021-04-04,2021-04-06,West,Technology,Tables,3335.76,7,0.04,200.15
ORD-1094,2021-04-05,2021-04-07,West,Furniture,Tables,4818.8,8,0.28,-867.38
ORD-1095,2021-04-06,2021-04-08,West,Furniture,Tables,2822.83,7,0.05,141.14
ORD-1096,2021-04-07,2021-04-09,West,Technology,Storage,4687.27,3,0.19,-421.85
ORD-1097,2021-04-08,2021-04-10,South,Technology,Phones,308.68,2,0.07,9.26
ORD-1098,2021-04-09,2021-04-11,West,Technology,Chairs,2123.03,7,0.09,21.23
ORD-1099,2021-04-10,2021-04-12,East,Technology,Binders,1337.78,3,0.16,-80.27
ORD-1100,2021-04-11,2021-04-13,Central,Furniture,Storage,3667.56,3,0.13,-110.03
ORD-1101,2021-04-12,2021-04-14,West,Furniture,Chairs,4907.42,2,0.05,245.37
ORD-1102,2021-04-13,2021-04-15,West,Office Supplies,Storage,1319.82,4,0.05,65.99
ORD-1103,2021-04-14,2021-04-16,South,Office Supplies,Storage,3288.16,8,0.13,-98.64
ORD-1104,2021-04-15,2021-04-17,West,Technology,Binders,1030.58,1,0.23,-133.98
ORD-1105,2021-04-16,2021-04-18,West,Technology,Phones,2848.38,1,0.27,-484.22
ORD-1106,2021-04-17,2021-04-19,West,Technology,Tables,2346.47,5,0.03,164.25
ORD-1107,2021-04-18,2021-04-20,South,Office Supplies,Phones,4861.43,5,0.12,-97.23
ORD-1108,2021-04-19,2021-04-21,West,Office Supplies,Binders,3062.21,1,0.03,214.35
ORD-1109,2021-04-20,2021-04-22,Central,Office Supplies,Binders,1780.06,6,0.0,178.01
ORD-1110,2021-04-21,2021-04-23,South,Office Supplies,Binders,614.77,1,0.2,-61.48
ORD-1111,2021-04-22,2021-04-24,Central,Office Supplies,Chairs,798.67,5,0.18,-63.89
ORD-1112,2021-04-23,2021-04-25,South,Office Supplies,Phones,1165.32,9,0.05,58.27
ORD-1113,2021-04-24,2021-04-26,West,Office Supplies,Phones,1292.28,5,0.07,38.77
ORD-1114,2021-04-25,2021-04-27,Central,Technology,Storage,4260.55,6,0.01,383.45
ORD-1115,2021-04-26,2021-04-28,South,Technology,Storage,2828.05,8,0.25,-424.21
ORD-1116,2021-04-27,2021-04-29,East,Technology,Storage,2640.79,1,0.29,-501.75
ORD-1117,2021-04-28,2021-04-30,West,Technology,Binders,618.11,2,0.04,37.09
ORD-1118,2021-04-29,2021-05-01,South,Office Supplies,Phones,4307.69,9,0.07,129.23
ORD-1119,2021-04-30,2021-05-02,East,Furniture,Binders,3627.93,3,0.26,-580.47
ORD-1120,2021-05-01,2021-05-03,South,Office Supplies,Chairs,384.96,6,0.28,-69.29
ORD-1121,2021-05-02,2021-05-04,East,Furniture,Storage,3553.78,5,0.13,-106.61
ORD-1122,2021-05-03,2021-05-05,West,Technology,Binders,2740.51,2,0.02,219.24
ORD-1123,2021-05-04,2021-05-06,Central,Office Supplies,Binders,454.54,7,0.01,40.91
ORD-1124,2021-05-05,2021-05-07,East,Technology,Chairs,2318.59,4,0.17,-162.3
ORD-1125,2021-05-06,2021-05-08,South,Office Supplies,Tables,2449.25,1,0.12,-48.98
ORD-1126,2021-05-07,2021-05-09,West,Technology,Phones,870.58,4,0.01,78.35
ORD-1127,2021-05-08,2021-05-10,East,Furniture,Tables,4731.21,6,0.17,-331.18
ORD-1128,2021-05-09,2021-05-11,South,Furniture,Storage,4257.38,7,0.0,425.74
ORD-1129,2021-05-10,2021-05-12,South,Furniture,Binders,3361.66,7,0.24,-470.63
ORD-1130,2021-05-11,2021-05-13,South,Office Supplies,Chairs,2338.36,7,0.09,23.38
ORD-1131,2021-05-12,2021-05-14,East,Furniture,Chairs,2088.24,3,0.01,187.94
ORD-1132,2021-05-13,2021-05-15,East,Office Supplies,Phones,3272.32,6,0.18,-261.79
ORD-1133,2021-05-14,2021-05-16,East,Furniture,Tables,2749.89,8,0.12,-55.0
ORD-1134,2021-05-15,2021-05-17,Central,Furniture,Phones,358.25,4,0.29,-68.07
ORD-1135,2021-05-16,2021-05-18,East,Office Supplies,Binders,2586.89,8,0.16,-155.21
ORD-1136,2021-05-17,2021-05-19,East,Office Supplies,Phones,4041.7,2,0.08,80.83
ORD-1137,2021-05-18,2021-05-20,East,Furniture,Chairs,2323.24,9,0.21,-255.56
ORD-1138,2021-05-19,2021-05-21,Central,Office Supplies,Chairs,307.19,9,0.08,6.14
ORD-1139,2021-05-20,2021-05-22,East,Furniture,Storage,3942.08,8,0.27,-670.15
ORD-1140,2021-05-21,2021-05-23,South,Office Supplies,Storage,1046.75,1,0.11,-10.47
ORD-1141,2021-05-22,2021-05-24,East,Technology,Binders,1330.17,2,0.16,-79.81
ORD-1142,2021-05-23,2021-05-25,South,Technology,Tables,865.3,6,0.02,69.22
ORD-1143,2021-05-24,2021-05-26,South,Technology,Phones,1684.56,5,0.13,-50.54
ORD-1144,2021-05-25,2021-05-27,South,Technology,Binders,3795.92,9,0.25,-569.39
ORD-1145,2021-05-26,2021-05-28,Central,Technology,Storage,2620.96,5,0.24,-366.93
ORD-1146,2021-05-27,2021-05-29,Central,Furniture,Phones,1064.16,2,0.07,31.92
ORD-1147,2021-05-28,2021-05-30,Central,Technology,Storage,4395.26,4,0.07,131.86
ORD-1148,2021-05-29,2021-05-31,East,Technology,Phones,4403.93,9,0.25,-660.59
ORD-1149,2021-05-30,2021-06-01,South,Technology,Tables,4359.36,1,0.28,-784.68
ORD-1150,2021-05-31,2021-06-02,Central,Technology,Binders,1232.04,1,0.03,86.24
ORD-1151,2021-06-01,2021-06-03,Central,Office Supplies,Phones,2283.63,7,0.14,-91.35
ORD-1152,2021-06-02,2021-06-04,East,Furniture,Chairs,4925.7,3,0.1,0.0
ORD-1153,2021-06-03,2021-06-05,Central,Technology,Chairs,3871.46,2,0.26,-619.43
ORD-1154,2021-06-04,2021-06-06,East,Technology,Phones,184.48,9,0.03,12.91
ORD-1155,2021-06-05,2021-06-07,West,Technology,Phones,372.76,3,0.06,14.91
ORD-1156,2021-06-06,2021-06-08,Central,Furniture,Phones,2346.46,2,0.23,-305.04
ORD-1157,2021-06-07,2021-06-09,West,Office Supplies,Chairs,4550.64,8,0.02,364.05
ORD-1158,2021-06-08,2021-06-10,East,Furniture,Chairs,2716.57,6,0.15,-135.83
ORD-1159,2021-06-09,2021-06-11,South,Office Supplies,Phones,2514.17,6,0.13,-75.43
ORD-1160,2021-06-10,2021-06-12,Central,Technology,Storage,572.09,7,0.1,0.0
ORD-1161,2021-06-11,2021-06-13,East,Technology,Storage,3301.06,7,0.12,-66.02
ORD-1162,2021-06-12,2021-06-14,South,Furniture,Tables,4119.41,6,0.16,-247.16
ORD-1163,2021-06-13,2021-06-15,South,Furniture,Binders,1933.08,4,0.05,96.65
ORD-1164,2021-06-14,2021-06-16,West,Office Supplies,Storage,3889.28,9,0.17,-272.25
ORD-1165,2021-06-15,2021-06-17,East,Office Supplies,Chairs,4824.16,6,0.24,-675.38
ORD-1166,2021-06-16,2021-06-18,South,Furniture,Storage,1058.64,4,0.23,-137.62
ORD-1167,2021-06-17,2021-06-19,Central,Office Supplies,Tables,2640.48,3,0.05,132.02
ORD-1168,2021-06-18,2021-06-20,Central,Furniture,Tables,1471.33,4,0.04,88.28
ORD-1169,2021-06-19,2021-06-21,West,Office Supplies,Binders,3974.63,3,0.08,79.49
ORD-1170,2021-06-20,2021-06-22,South,Furniture,Storage,2909.09,2,0.11,-29.09
ORD-1171,2021-06-21,2021-06-23,East,Furniture,Chairs,3191.18,5,0.12,-63.82
ORD-1172,2021-06-22,2021-06-24,Central,Furniture,Chairs,3999.68,2,0.2,-399.97
ORD-1173,2021-06-23,2021-06-25,South,Office Supplies,Phones,2010.05,6,0.02,160.8
ORD-1174,2021-06-24,2021-06-26,South,Office Supplies,Chairs,4579.7,3,0.01,412.17
ORD-1175,2021-06-25,2021-06-27,West,Office Supplies,Binders,2688.49,6,0.12,-53.77
ORD-1176,2021-06-26,2021-06-28,Central,Furniture,Binders,831.88,9,0.21,-91.51
ORD-1177,2021-06-27,2021-06-29,Central,Office Supplies,Chairs,3494.7,1,0.06,139.79
ORD-1178,2021-06-28,2021-06-30,East,Office Supplies,Chairs,3976.64,6,0.19,-357.9
ORD-1179,2021-06-29,2021-07-01,Central,Furniture,Phones,1617.97,9,0.08,32.36
ORD-1180,2021-06-30,2021-07-02,East,Technology,Chairs,4293.04,4,0.27,-729.82
ORD-1181,2021-07-01,2021-07-03,Central,Furniture,Phones,4535.41,2,0.27,-771.02
ORD-1182,2021-07-02,2021-07-04,West,Office Supplies,Phones,1420.68,4,0.09,14.21
ORD-1183,2021-07-03,2021-07-05,Central,Furniture,Chairs,4918.43,1,0.07,147.55
ORD-1184,2021-07-04,2021-07-06,East,Technology,Tables,746.52,3,0.12,-14.93
ORD-1185,2021-07-05,2021-07-07,East,Furniture,Tables,1049.98,9,0.07,31.5
ORD-1186,2021-07-06,2021-07-08,West,Office Supplies,Phones,961.91,5,0.2,-96.19
ORD-1187,2021-07-07,2021-07-09,Central,Technology,Chairs,4475.25,6,0.25,-671.29
ORD-1188,2021-07-08,2021-07-10,Central,Office Supplies,Tables,3288.75,3,0.2,-328.88
ORD-1189,2021-07-09,2021-07-11,West,Technology,Chairs,802.92,5,0.25,-120.44
ORD-1190,2021-07-10,2021-07-12,Central,Technology,Chairs,2229.6,8,0.12,-44.59
ORD-1191,2021-07-11,2021-07-13,Central,Furniture,Chairs,3095.73,6,0.05,154.79
ORD-1192,2021-07-12,2021-07-14,East,Furniture,Storage,463.15,4,0.22,-55.58
ORD-1193,2021-07-13,2021-07-15,Central,Office Supplies,Chairs,4417.96,2,0.11,-44.18
ORD-1194,2021-07-14,2021-07-16,Central,Furniture,Storage,4027.84,9,0.2,-402.78
ORD-1195,2021-07-15,2021-07-17,West,Furniture,Phones,2550.77,1,0.08,51.02
ORD-1196,2021-07-16,2021-07-18,West,Technology,Tables,4837.28,1,0.02,386.98
ORD-1197,2021-07-17,2021-07-19,South,Furniture,Tables,2117.92,4,0.3,-423.58
ORD-1198,2021-07-18,2021-07-20,East,Technology,Tables,4921.35,7,0.05,246.07
ORD-1199,2021-07-19,2021-07-21,Central,Technology,Tables,3356.2,1,0.3,-671.24
ORD-1200,2021-07-20,2021-07-22,Central,Technology,Tables,3191.62,9,0.29,-606.41
ORD-1201,2021-07-21,2021-07-23,South,Office Supplies,Tables,871.48,4,0.24,-122.01
ORD-1202,2021-07-22,2021-07-24,Central,Office Supplies,Tables,4415.54,3,0.2,-441.55
ORD-1203,2021-07-23,2021-07-25,East,Office Supplies,Phones,2166.07,1,0.17,-151.62
ORD-1204,2021-07-24,2021-07-26,South,Technology,Chairs,853.06,4,0.26,-136.49
ORD-1205,2021-07-25,2021-07-27,East,Office Supplies,Binders,112.41,9,0.09,1.12
ORD-1206,2021-07-26,2021-07-28,South,Office Supplies,Storage,2820.79,6,0.14,-112.83
ORD-1207,2021-07-27,2021-07-29,South,Furniture,Binders,2660.63,6,0.19,-239.46
ORD-1208,2021-07-28,2021-07-30,West,Office Supplies,Binders,3610.8,1,0.12,-72.22
ORD-1209,2021-07-29,2021-07-31,East,Office Supplies,Chairs,4456.78,2,0.13,-133.7
ORD-1210,2021-07-30,2021-08-01,Central,Technology,Chairs,443.06,6,0.1,0.0
ORD-1211,2021-07-31,2021-08-02,Central,Technology,Chairs,3670.91,2,0.17,-256.96
ORD-1212,2021-08-01,2021-08-03,East,Technology,Tables,977.69,3,0.26,-156.43
ORD-1213,2021-08-02,2021-08-04,Central,Technology,Phones,4297.98,4,0.06,171.92
ORD-1214,2021-08-03,2021-08-05,Central,Technology,Tables,4104.36,5,0.28,-738.78
ORD-1215,2021-08-04,2021-08-06,East,Technology,Phones,2726.93,9,0.21,-299.96
ORD-1216,2021-08-05,2021-08-07,South,Office Supplies,Phones,3565.7,4,0.25,-534.85
ORD-1217,2021-08-06,2021-08-08,East,Technology,Binders,1606.03,9,0.17,-112.42
ORD-1218,2021-08-07,2021-08-09,South,Technology,Binders,2382.28,3,0.23,-309.7
ORD-1219,2021-08-08,2021-08-10,Central,Furniture,Phones,4117.1,8,0.0,411.71
ORD-1220,2021-08-09,2021-08-11,Central,Office Supplies,Phones,2323.36,1,0.25,-348.5
ORD-1221,2021-08-10,2021-08-12,Central,Office Supplies,Tables,1821.1,9,0.01,163.9
ORD-1222,2021-08-11,2021-08-13,West,Office Supplies,Tables,2496.35,9,0.27,-424.38
ORD-1223,2021-08-12,2021-08-14,South,Technology,Binders,4149.83,2,0.3,-829.97
ORD-1224,2021-08-13,2021-08-15,West,Technology,Chairs,1709.28,4,0.09,17.09
ORD-1225,2021-08-14,2021-08-16,West,Technology,Phones,910.12,8,0.06,36.4
ORD-1226,2021-08-15,2021-08-17,East,Furniture,Tables,3574.47,7,0.23,-464.68
ORD-1227,2021-08-16,2021-08-18,West,Technology,Binders,4138.59,1,0.08,82.77
ORD-1228,2021-08-17,2021-08-19,East,Furniture,Tables,548.16,5,0.26,-87.71
ORD-1229,2021-08-18,2021-08-20,East,Office Supplies,Phones,1237.38,7,0.03,86.62
ORD-1230,2021-08-19,2021-08-21,West,Technology,Phones,752.76,4,0.04,45.17
ORD-1231,2021-08-20,2021-08-22,South,Furniture,Storage,1772.31,1,0.29,-336.74
ORD-1232,2021-08-21,2021-08-23,South,Furniture,Chairs,2279.24,9,0.2,-227.92
ORD-1233,2021-08-22,2021-08-24,South,Technology,Storage,3756.69,5,0.25,-563.5
ORD-1234,2021-08-23,2021-08-25,South,Office Supplies,Binders,3273.18,2,0.1,0.0
ORD-1235,2021-08-24,2021-08-26,South,Office Supplies,Tables,3123.6,8,0.2,-312.36
ORD-1236,2021-08-25,2021-08-27,West,Office Supplies,Binders,1794.26,2,0.18,-143.54
ORD-1237,2021-08-26,2021-08-28,West,Furniture,Phones,4215.17,3,0.18,-337.21
ORD-1238,2021-08-27,2021-08-29,Central,Furniture,Storage,2382.87,1,0.2,-238.29
ORD-1239,2021-08-28,2021-08-30,South,Furniture,Storage,4896.57,2,0.17,-342.76
ORD-1240,2021-08-29,2021-08-31,West,Furniture,Storage,3189.0,7,0.13,-95.67
ORD-1241,2021-08-30,2021-09-01,Central,Office Supplies,Binders,675.01,2,0.08,13.5
ORD-1242,2021-08-31,2021-09-02,South,Technology,Phones,3397.08,6,0.23,-441.62
ORD-1243,2021-09-01,2021-09-03,East,Furniture,Tables,1659.26,3,0.07,49.78
ORD-1244,2021-09-02,2021-09-04,Central,Furniture,Tables,3447.32,4,0.21,-379.21
ORD-1245,2021-09-03,2021-09-05,West,Office Supplies,Binders,394.72,8,0.07,11.84
ORD-1246,2021-09-04,2021-09-06,East,Technology,Storage,915.66,3,0.19,-82.41
ORD-1247,2021-09-05,2021-09-07,East,Technology,Chairs,4285.9,6,0.22,-514.31
ORD-1248,2021-09-06,2021-09-08,East,Office Supplies,Binders,1174.54,1,0.07,35.24
ORD-1249,2021-09-07,2021-09-09,Central,Office Supplies,Binders,4193.35,7,0.02,335.47
ORD-1250,2021-09-08,2021-09-10,West,Technology,Phones,1432.42,8,0.04,85.95
ORD-1251,2021-09-09,2021-09-11,East,Furniture,Tables,3232.27,8,0.18,-258.58
ORD-1252,2021-09-10,2021-09-12,South,Technology,Binders,3486.05,3,0.25,-522.91
ORD-1253,2021-09-11,2021-09-13,East,Office Supplies,Binders,2587.64,1,0.01,232.89
ORD-1254,2021-09-12,2021-09-14,East,Furniture,Storage,1561.29,9,0.22,-187.35
ORD-1255,2021-09-13,2021-09-15,Central,Furniture,Storage,1102.59,6,0.1,0.0
ORD-1256,2021-09-14,2021-09-16,Central,Office Supplies,Chairs,214.29,9,0.14,-8.57
ORD-1257,2021-09-15,2021-09-17,West,Office Supplies,Phones,1554.53,7,0.28,-279.82
ORD-1258,2021-09-16,2021-09-18,South,Office Supplies,Chairs,3283.16,1,0.1,0.0
ORD-1259,2021-09-17,2021-09-19,Central,Technology,Storage,4694.61,1,0.14,-187.78
ORD-1260,2021-09-18,2021-09-20,East,Technology,Tables,4362.46,6,0.0,436.25
ORD-1261,2021-09-19,2021-09-21,West,Furniture,Storage,3842.02,5,0.02,307.36
ORD-1262,2021-09-20,2021-09-22,East,Office Supplies,Phones,3952.81,9,0.08,79.06
ORD-1263,2021-09-21,2021-09-23,East,Furniture,Storage,3341.68,2,0.01,300.75
ORD-1264,2021-09-22,2021-09-24,Central,Furniture,Phones,1338.42,8,0.19,-120.46
ORD-1265,2021-09-23,2021-09-25,West,Furniture,Phones,4540.62,5,0.13,-136.22
ORD-1266,2021-09-24,2021-09-26,South,Furniture,Phones,3370.12,2,0.16,-202.21
ORD-1267,2021-09-25,2021-09-27,South,Office Supplies,Phones,2824.18,6,0.05,141.21
ORD-1268,2021-09-26,2021-09-28,Central,Furniture,Phones,599.4,8,0.09,5.99
ORD-1269,2021-09-27,2021-09-29,Central,Office Supplies,Tables,2262.92,4,0.2,-226.29
ORD-1270,2021-09-28,2021-09-30,West,Office Supplies,Chairs,2328.77,2,0.29,-442.47
ORD-1271,2021-09-29,2021-10-01,South,Technology,Binders,4329.59,5,0.02,346.37
ORD-1272,2021-09-30,2021-10-02,South,Office Supplies,Chairs,2755.91,2,0.27,-468.5
ORD-1273,2021-10-01,2021-10-03,South,Technology,Phones,1932.98,2,0.17,-135.31
ORD-1274,2021-10-02,2021-10-04,East,Office Supplies,Tables,4885.16,6,0.17,-341.96
ORD-1275,2021-10-03,2021-10-05,South,Office Supplies,Storage,598.07,9,0.15,-29.9
ORD-1276,2021-10-04,2021-10-06,East,Office Supplies,Tables,2141.61,4,0.02,171.33
ORD-1277,2021-10-05,2021-10-07,West,Technology,Phones,258.02,6,0.03,18.06
ORD-1278,2021-10-06,2021-10-08,East,Technology,Tables,3712.53,7,0.18,-297.0
ORD-1279,2021-10-07,2021-10-09,West,Furniture,Tables,4594.48,6,0.1,0.0
ORD-1280,2021-10-08,2021-10-10,South,Technology,Phones,1436.18,8,0.28,-258.51
ORD-1281,2021-10-09,2021-10-11,South,Technology,Tables,4298.79,4,0.12,-85.98
ORD-1282,2021-10-10,2021-10-12,West,Technology,Binders,1496.48,1,0.04,89.79
ORD-1283,2021-10-11,2021-10-13,Central,Technology,Binders,4558.31,7,0.21,-501.41
ORD-1284,2021-10-12,2021-10-14,West,Furniture,Tables,3782.11,3,0.09,37.82
ORD-1285,2021-10-13,2021-10-15,Central,Technology,Storage,4034.29,6,0.16,-242.06
ORD-1286,2021-10-14,2021-10-16,East,Office Supplies,Phones,139.13,2,0.21,-15.3
ORD-1287,2021-10-15,2021-10-17,East,Office Supplies,Binders,4815.91,9,0.27,-818.7
ORD-1288,2021-10-16,2021-10-18,East,Technology,Storage,3647.02,1,0.24,-510.58
ORD-1289,2021-10-17,2021-10-19,South,Technology,Tables,1558.52,6,0.2,-155.85
ORD-1290,2021-10-18,2021-10-20,East,Office Supplies,Storage,4155.5,6,0.2,-415.55
ORD-1291,2021-10-19,2021-10-21,Central,Office Supplies,Chairs,1443.53,5,0.28,-259.84
ORD-1292,2021-10-20,2021-10-22,East,Furniture,Binders,4370.13,5,0.09,43.7
ORD-1293,2021-10-21,2021-10-23,West,Office Supplies,Tables,607.27,1,0.0,60.73
ORD-1294,2021-10-22,2021-10-24,West,Office Supplies,Phones,3533.25,5,0.08,70.67
ORD-1295,2021-10-23,2021-10-25,South,Technology,Tables,2726.46,2,0.07,81.79
ORD-1296,2021-10-24,2021-10-26,West,Office Supplies,Phones,527.85,7,0.2,-52.78
ORD-1297,2021-10-25,2021-10-27,Central,Furniture,Tables,1247.37,3,0.19,-112.26
ORD-1298,2021-10-26,2021-10-28,East,Office Supplies,Storage,111.4,4,0.18,-8.91
ORD-1299,2021-10-27,2021-10-29,South,Technology,Storage,2370.4,3,0.0,237.04
ORD-1300,2021-10-28,2021-10-30,East,Technology,Storage,1541.26,3,0.22,-184.95
ORD-1301,2021-10-29,2021-10-31,East,Office Supplies,Chairs,3011.87,4,0.1,0.0
ORD-1302,2021-10-30,2021-11-01,Central,Technology,Phones,1521.33,5,0.2,-152.13
ORD-1303,2021-10-31,2021-11-02,West,Furniture,Storage,1534.6,1,0.17,-107.42
ORD-1304,2021-11-01,2021-11-03,West,Furniture,Chairs,3728.81,4,0.1,0.0
ORD-1305,2021-11-02,2021-11-04,East,Office Supplies,Phones,288.31,8,0.04,17.3
ORD-1306,2021-11-03,2021-11-05,South,Office Supplies,Tables,4519.33,7,0.03,316.35
ORD-1307,2021-11-04,2021-11-06,West,Office Supplies,Chairs,4268.71,9,0.25,-640.31
ORD-1308,2021-11-05,2021-11-07,South,Technology,Binders,3355.63,5,0.28,-604.01
ORD-1309,2021-11-06,2021-11-08,West,Furniture,Chairs,2986.45,4,0.19,-268.78
ORD-1310,2021-11-07,2021-11-09,South,Furniture,Chairs,4466.9,8,0.03,312.68
ORD-1311,2021-11-08,2021-11-10,Central,Technology,Phones,967.38,9,0.12,-19.35
ORD-1312,2021-11-09,2021-11-11,South,Furniture,Tables,440.9,7,0.22,-52.91
ORD-1313,2021-11-10,2021-11-12,Central,Office Supplies,Binders,1235.58,7,0.23,-160.63
ORD-1314,2021-11-11,2021-11-13,Central,Office Supplies,Storage,3983.16,5,0.04,238.99
ORD-1315,2021-11-12,2021-11-14,South,Office Supplies,Storage,221.62,4,0.0,22.16
ORD-1316,2021-11-13,2021-11-15,Central,Furniture,Chairs,2934.89,1,0.21,-322.84
ORD-1317,2021-11-14,2021-11-16,East,Office Supplies,Phones,4977.42,7,0.11,-49.77
ORD-1318,2021-11-15,2021-11-17,Central,Technology,Phones,4285.7,1,0.08,85.71
ORD-1319,2021-11-16,2021-11-18,West,Technology,Storage,2631.16,1,0.0,263.12
ORD-1320,2021-11-17,2021-11-19,South,Furniture,Binders,365.02,5,0.16,-21.9
ORD-1321,2021-11-18,2021-11-20,East,Technology,Tables,4165.3,9,0.26,-666.45
ORD-1322,2021-11-19,2021-11-21,South,Technology,Binders,3014.94,6,0.29,-572.84
ORD-1323,2021-11-20,2021-11-22,West,Furniture,Tables,618.92,3,0.17,-43.32
ORD-1324,2021-11-21,2021-11-23,West,Office Supplies,Storage,514.59,3,0.15,-25.73
ORD-1325,2021-11-22,2021-11-24,West,Office Supplies,Tables,4552.65,7,0.03,318.69
ORD-1326,2021-11-23,2021-11-25,Central,Office Supplies,Phones,3362.54,6,0.16,-201.75
ORD-1327,2021-11-24,2021-11-26,Central,Furniture,Chairs,4154.97,9,0.11,-41.55
ORD-1328,2021-11-25,2021-11-27,South,Technology,Chairs,4400.95,6,0.18,-352.08
ORD-1329,2021-11-26,2021-11-28,South,Office Supplies,Storage,2880.27,5,0.12,-57.61
ORD-1330,2021-11-27,2021-11-29,East,Office Supplies,Phones,2611.36,7,0.07,78.34
ORD-1331,2021-11-28,2021-11-30,East,Furniture,Binders,2180.62,1,0.03,152.64
ORD-1332,2021-11-29,2021-12-01,South,Office Supplies,Phones,1618.89,7,0.09,16.19
ORD-1333,2021-11-30,2021-12-02,Central,Furniture,Chairs,2201.25,3,0.03,154.09
ORD-1334,2021-12-01,2021-12-03,West,Technology,Chairs,3880.7,9,0.05,194.04
ORD-1335,2021-12-02,2021-12-04,South,Furniture,Phones,3029.52,6,0.3,-605.9
ORD-1336,2021-12-03,2021-12-05,East,Furniture,Phones,4467.99,9,0.13,-134.04
ORD-1337,2021-12-04,2021-12-06,Central,Furniture,Chairs,2244.73,5,0.16,-134.68
ORD-1338,2021-12-05,2021-12-07,South,Furniture,Binders,3055.09,7,0.26,-488.81
ORD-1339,2021-12-06,2021-12-08,South,Technology,Storage,3174.97,4,0.3,-634.99
ORD-1340,2021-12-07,2021-12-09,Central,Technology,Storage,2978.9,7,0.17,-208.52
ORD-1341,2021-12-08,2021-12-10,South,Office Supplies,Phones,3528.04,1,0.24,-493.93
ORD-1342,2021-12-09,2021-12-11,Central,Technology,Storage,1225.3,7,0.1,0.0
ORD-1343,2021-12-10,2021-12-12,West,Technology,Chairs,2586.2,8,0.09,25.86
ORD-1344,2021-12-11,2021-12-13,Central,Office Supplies,Chairs,565.91,5,0.12,-11.32
ORD-1345,2021-12-12,2021-12-14,Central,Technology,Phones,1953.33,2,0.2,-195.33
ORD-1346,2021-12-13,2021-12-15,Central,Furniture,Phones,2463.95,5,0.2,-246.4
ORD-1347,2021-12-14,2021-12-16,South,Furniture,Phones,3278.51,6,0.09,32.79
ORD-1348,2021-12-15,2021-12-17,South,Office Supplies,Binders,4755.13,2,0.04,285.31
ORD-1349,2021-12-16,2021-12-18,Central,Office Supplies,Storage,3023.22,6,0.19,-272.09
ORD-1350,2021-12-17,2021-12-19,South,Office Supplies,Phones,3730.79,6,0.04,223.85
ORD-1351,2021-12-18,2021-12-20,East,Furniture,Tables,2556.02,1,0.17,-178.92
ORD-1352,2021-12-19,2021-12-21,East,Technology,Tables,3188.81,1,0.21,-350.77
ORD-1353,2021-12-20,2021-12-22,South,Furniture,Chairs,401.11,3,0.21,-44.12
ORD-1354,2021-12-21,2021-12-23,South,Office Supplies,Storage,1309.24,3,0.23,-170.2
ORD-1355,2021-12-22,2021-12-24,Central,Technology,Phones,1841.17,4,0.26,-294.59
ORD-1356,2021-12-23,2021-12-25,West,Technology,Tables,2388.84,2,0.15,-119.44
ORD-1357,2021-12-24,2021-12-26,South,Furniture,Storage,275.96,9,0.22,-33.12
ORD-1358,2021-12-25,2021-12-27,East,Office Supplies,Chairs,743.12,7,0.19,-66.88
ORD-1359,2021-12-26,2021-12-28,Central,Furniture,Binders,1420.23,7,0.06,56.81
ORD-1360,2021-12-27,2021-12-29,South,Technology,Storage,4859.09,6,0.01,437.32
ORD-1361,2021-12-28,2021-12-30,East,Furniture,Storage,1690.17,3,0.09,16.9
ORD-1362,2021-12-29,2021-12-31,East,Furniture,Binders,2436.1,6,0.13,-73.08
ORD-1363,2021-12-30,2022-01-01,West,Office Supplies,Storage,1020.68,8,0.19,-91.86
ORD-1364,2021-12-31,2022-01-02,Central,Office Supplies,Chairs,3073.36,8,0.25,-461.0
ORD-1365,2022-01-01,2022-01-03,Central,Technology,Chairs,1439.38,9,0.06,57.58
ORD-1366,2022-01-02,2022-01-04,West,Furniture,Binders,1074.61,1,0.04,64.48
ORD-1367,2022-01-03,2022-01-05,West,Furniture,Phones,2607.03,1,0.29,-495.34
ORD-1368,2022-01-04,2022-01-06,Central,Furniture,Tables,77.25,3,0.03,5.41
ORD-1369,2022-01-05,2022-01-07,Central,Technology,Phones,87.94,3,0.14,-3.52
ORD-1370,2022-01-06,2022-01-08,South,Technology,Storage,1134.39,8,0.18,-90.75
ORD-1371,2022-01-07,2022-01-09,South,Office Supplies,Tables,231.77,1,0.16,-13.91
ORD-1372,2022-01-08,2022-01-10,West,Office Supplies,Binders,584.73,2,0.03,40.93
ORD-1373,2022-01-09,2022-01-11,South,Office Supplies,Binders,1727.36,2,0.02,138.19
ORD-1374,2022-01-10,2022-01-12,East,Furniture,Tables,4022.8,3,0.03,281.6
ORD-1375,2022-01-11,2022-01-13,South,Furniture,Chairs,2881.64,6,0.18,-230.53
ORD-1376,2022-01-12,2022-01-14,South,Office Supplies,Tables,2587.71,1,0.16,-155.26
ORD-1377,2022-01-13,2022-01-15,East,Furniture,Storage,1502.77,2,0.07,45.08
ORD-1378,2022-01-14,2022-01-16,West,Office Supplies,Chairs,4662.18,1,0.19,-419.6
ORD-1379,2022-01-15,2022-01-17,East,Technology,Binders,2015.22,5,0.25,-302.28
ORD-1380,2022-01-16,2022-01-18,South,Office Supplies,Tables,481.11,7,0.01,43.3
ORD-1381,2022-01-17,2022-01-19,West,Technology,Phones,3104.48,8,0.15,-155.22
ORD-1382,2022-01-18,2022-01-20,South,Furniture,Phones,613.5,1,0.21,-67.48
ORD-1383,2022-01-19,2022-01-21,East,Office Supplies,Storage,1758.85,7,0.08,35.18
ORD-1384,2022-01-20,2022-01-22,East,Furniture,Phones,2561.69,5,0.09,25.62
ORD-1385,2022-01-21,2022-01-23,South,Technology,Tables,4377.4,1,0.18,-350.19
ORD-1386,2022-01-22,2022-01-24,Central,Technology,Tables,2493.06,3,0.27,-423.82
ORD-1387,2022-01-23,2022-01-25,Central,Technology,Phones,3526.18,7,0.24,-493.67
ORD-1388,2022-01-24,2022-01-26,East,Furniture,Tables,4964.44,1,0.17,-347.51
ORD-1389,2022-01-25,2022-01-27,East,Furniture,Storage,700.87,7,0.22,-84.1
ORD-1390,2022-01-26,2022-01-28,Central,Furniture,Chairs,1409.92,5,0.11,-14.1
ORD-1391,2022-01-27,2022-01-29,Central,Furniture,Storage,2003.15,1,0.19,-180.28
ORD-1392,2022-01-28,2022-01-30,South,Technology,Storage,2138.05,1,0.14,-85.52
ORD-1393,2022-01-29,2022-01-31,South,Technology,Tables,2084.55,1,0.06,83.38
ORD-1394,2022-01-30,2022-02-01,Central,Office Supplies,Chairs,4542.67,9,0.21,-499.69
ORD-1395,2022-01-31,2022-02-02,South,Office Supplies,Tables,3584.46,3,0.17,-250.91
ORD-1396,2022-02-01,2022-02-03,South,Furniture,Binders,3059.13,5,0.11,-30.59
ORD-1397,2022-02-02,2022-02-04,West,Technology,Tables,1581.39,9,0.27,-268.84
ORD-1398,2022-02-03,2022-02-05,South,Technology,Tables,4127.76,6,0.01,371.5
ORD-1399,2022-02-04,2022-02-06,East,Technology,Tables,4777.55,9,0.09,47.78
ORD-1400,2022-02-05,2022-02-07,South,Office Supplies,Chairs,4114.93,8,0.02,329.19
ORD-1401,2022-02-06,2022-02-08,South,Office Supplies,Tables,57.75,8,0.23,-7.51
ORD-1402,2022-02-07,2022-02-09,Central,Technology,Chairs,3200.19,1,0.21,-352.02
ORD-1403,2022-02-08,2022-02-10,East,Technology,Phones,303.12,9,0.1,0.0
ORD-1404,2022-02-09,2022-02-11,South,Technology,Binders,1325.16,6,0.2,-132.52
ORD-1405,2022-02-10,2022-02-12,South,Office Supplies,Chairs,344.65,9,0.12,-6.89
ORD-1406,2022-02-11,2022-02-13,West,Technology,Phones,3038.79,3,0.23,-395.04
ORD-1407,2022-02-12,2022-02-14,South,Technology,Chairs,3448.62,3,0.14,-137.94
ORD-1408,2022-02-13,2022-02-15,South,Furniture,Chairs,616.71,6,0.12,-12.33
ORD-1409,2022-02-14,2022-02-16,West,Furniture,Binders,1950.0,9,0.28,-351.0
ORD-1410,2022-02-15,2022-02-17,Central,Office Supplies,Storage,2308.37,7,0.08,46.17
ORD-1411,2022-02-16,2022-02-18,South,Technology,Storage,1876.81,3,0.04,112.61
ORD-1412,2022-02-17,2022-02-19,West,Technology,Chairs,649.07,3,0.18,-51.93
ORD-1413,2022-02-18,2022-02-20,East,Furniture,Tables,2123.79,2,0.29,-403.52
ORD-1414,2022-02-19,2022-02-21,Central,Office Supplies,Phones,3768.33,9,0.11,-37.68
ORD-1415,2022-02-20,2022-02-22,East,Furniture,Tables,401.49,3,0.02,32.12
ORD-1416,2022-02-21,2022-02-23,East,Furniture,Tables,446.89,5,0.1,0.0
ORD-1417,2022-02-22,2022-02-24,West,Furniture,Chairs,1806.12,9,0.15,-90.31
ORD-1418,2022-02-23,2022-02-25,South,Furniture,Chairs,4711.54,8,0.05,235.58
ORD-1419,2022-02-24,2022-02-26,West,Technology,Chairs,3359.43,2,0.2,-335.94
ORD-1420,2022-02-25,2022-02-27,West,Technology,Chairs,3409.42,3,0.3,-681.88
ORD-1421,2022-02-26,2022-02-28,West,Furniture,Storage,1841.5,2,0.14,-73.66
ORD-1422,2022-02-27,2022-03-01,West,Office Supplies,Chairs,2988.62,8,0.11,-29.89
ORD-1423,2022-02-28,2022-03-02,Central,Office Supplies,Storage,100.15,6,0.12,-2.0
ORD-1424,2022-03-01,2022-03-03,South,Office Supplies,Storage,3198.68,6,0.03,223.91
ORD-1425,2022-03-02,2022-03-04,East,Office Supplies,Chairs,4570.77,9,0.26,-731.32
ORD-1426,2022-03-03,2022-03-05,East,Furniture,Binders,3082.24,8,0.12,-61.64
ORD-1427,2022-03-04,2022-03-06,South,Technology,Phones,4374.81,4,0.12,-87.5
ORD-1428,2022-03-05,2022-03-07,East,Office Supplies,Tables,3633.67,4,0.2,-363.37
ORD-1429,2022-03-06,2022-03-08,South,Furniture,Storage,646.76,9,0.13,-19.4
ORD-1430,2022-03-07,2022-03-09,East,Office Supplies,Phones,4517.14,1,0.19,-406.54
ORD-1431,2022-03-08,2022-03-10,West,Office Supplies,Binders,378.9,2,0.02,30.31
ORD-1432,2022-03-09,2022-03-11,East,Furniture,Tables,2693.14,2,0.24,-377.04
ORD-1433,2022-03-10,2022-03-12,South,Technology,Tables,753.58,6,0.28,-135.64
ORD-1434,2022-03-11,2022-03-13,South,Technology,Storage,107.95,4,0.19,-9.72
ORD-1435,2022-03-12,2022-03-14,South,Furniture,Chairs,2139.07,3,0.29,-406.42
ORD-1436,2022-03-13,2022-03-15,South,Technology,Binders,1510.45,3,0.05,75.52
ORD-1437,2022-03-14,2022-03-16,South,Furniture,Storage,2455.7,3,0.14,-98.23
ORD-1438,2022-03-15,2022-03-17,Central,Furniture,Binders,2907.14,6,0.18,-232.57
ORD-1439,2022-03-16,2022-03-18,Central,Furniture,Chairs,266.51,8,0.17,-18.66
ORD-1440,2022-03-17,2022-03-19,East,Technology,Chairs,658.87,7,0.12,-13.18
ORD-1441,2022-03-18,2022-03-20,South,Furniture,Storage,2815.28,4,0.1,0.0
ORD-1442,2022-03-19,2022-03-21,East,Office Supplies,Chairs,1748.68,4,0.04,104.92
ORD-1443,2022-03-20,2022-03-22,South,Technology,Phones,3659.41,2,0.12,-73.19
ORD-1444,2022-03-21,2022-03-23,South,Technology,Tables,3278.84,1,0.05,163.94
ORD-1445,2022-03-22,2022-03-24,Central,Technology,Storage,4235.74,9,0.22,-508.29
ORD-1446,2022-03-23,2022-03-25,Central,Technology,Binders,3477.84,2,0.06,139.11
ORD-1447,2022-03-24,2022-03-26,West,Office Supplies,Phones,2178.16,8,0.02,174.25
ORD-1448,2022-03-25,2022-03-27,Central,Technology,Storage,3381.18,9,0.17,-236.68
ORD-1449,2022-03-26,2022-03-28,West,Technology,Chairs,1413.14,4,0.18,-113.05
ORD-1450,2022-03-27,2022-03-29,West,Furniture,Chairs,1566.25,8,0.26,-250.6
ORD-1451,2022-03-28,2022-03-30,West,Technology,Chairs,3955.48,9,0.17,-276.88
ORD-1452,2022-03-29,2022-03-31,West,Office Supplies,Chairs,2259.78,5,0.1,0.0
ORD-1453,2022-03-30,2022-04-01,West,Office Supplies,Binders,4001.98,7,0.24,-560.28
ORD-1454,2022-03-31,2022-04-02,East,Office Supplies,Phones,4120.99,4,0.16,-247.26
ORD-1455,2022-04-01,2022-04-03,Central,Office Supplies,Tables,4294.93,1,0.02,343.59
ORD-1456,2022-04-02,2022-04-04,West,Technology,Binders,4587.34,3,0.17,-321.11
ORD-1457,2022-04-03,2022-04-05,South,Technology,Binders,2183.38,5,0.27,-371.17
ORD-1458,2022-04-04,2022-04-06,Central,Office Supplies,Tables,1628.39,3,0.12,-32.57
ORD-1459,2022-04-05,2022-04-07,Central,Office Supplies,Tables,2931.88,7,0.09,29.32
ORD-1460,2022-04-06,2022-04-08,West,Technology,Chairs,1887.3,9,0.04,113.24
ORD-1461,2022-04-07,2022-04-09,East,Office Supplies,Binders,3025.32,6,0.05,151.27
ORD-1462,2022-04-08,2022-04-10,West,Furniture,Storage,3542.65,1,0.13,-106.28
ORD-1463,2022-04-09,2022-04-11,East,Office Supplies,Tables,3457.6,7,0.18,-276.61
ORD-1464,2022-04-10,2022-04-12,South,Office Supplies,Tables,1904.04,3,0.02,152.32
ORD-1465,2022-04-11,2022-04-13,Central,Furniture,Phones,875.96,5,0.28,-157.67
ORD-1466,2022-04-12,2022-04-14,South,Furniture,Storage,2181.12,4,0.23,-283.55
ORD-1467,2022-04-13,2022-04-15,East,Technology,Storage,755.84,5,0.18,-60.47
ORD-1468,2022-04-14,2022-04-16,East,Technology,Tables,4455.98,5,0.25,-668.4
ORD-1469,2022-04-15,2022-04-17,South,Furniture,Chairs,1762.09,6,0.02,140.97
ORD-1470,2022-04-16,2022-04-18,East,Furniture,Phones,814.58,6,0.14,-32.58
ORD-1471,2022-04-17,2022-04-19,South,Technology,Storage,175.97,8,0.19,-15.84
ORD-1472,2022-04-18,2022-04-20,Central,Office Supplies,Tables,3246.82,8,0.25,-487.02
ORD-1473,2022-04-19,2022-04-21,South,Furniture,Storage,3202.67,9,0.24,-448.37
ORD-1474,2022-04-20,2022-04-22,Central,Technology,Phones,1735.99,8,0.08,34.72
ORD-1475,2022-04-21,2022-04-23,South,Office Supplies,Phones,404.97,2,0.28,-72.89
ORD-1476,2022-04-22,2022-04-24,East,Furniture,Binders,2077.66,1,0.04,124.66
ORD-1477,2022-04-23,2022-04-25,South,Office Supplies,Tables,1590.53,2,0.26,-254.48
ORD-1478,2022-04-24,2022-04-26,East,Technology,Phones,3401.75,2,0.29,-646.33
ORD-1479,2022-04-25,2022-04-27,South,Furniture,Binders,3048.61,3,0.05,152.43
ORD-1480,2022-04-26,2022-04-28,South,Office Supplies,Binders,1854.74,7,0.22,-222.57
ORD-1481,2022-04-27,2022-04-29,West,Furniture,Storage,1128.57,2,0.01,101.57
ORD-1482,2022-04-28,2022-04-30,East,Office Supplies,Storage,4940.78,1,0.12,-98.82
ORD-1483,2022-04-29,2022-05-01,West,Technology,Binders,2297.31,6,0.15,-114.87
ORD-1484,2022-04-30,2022-05-02,East,Technology,Storage,3456.96,9,0.17,-241.99
ORD-1485,2022-05-01,2022-05-03,West,Furniture,Phones,745.74,3,0.28,-134.23
ORD-1486,2022-05-02,2022-05-04,Central,Office Supplies,Chairs,2453.67,6,0.2,-245.37
ORD-1487,2022-05-03,2022-05-05,South,Furniture,Phones,186.31,3,0.14,-7.45
ORD-1488,2022-05-04,2022-05-06,East,Furniture,Binders,2552.0,1,0.24,-357.28
ORD-1489,2022-05-05,2022-05-07,East,Office Supplies,Binders,4821.89,5,0.29,-916.16
ORD-1490,2022-05-06,2022-05-08,South,Office Supplies,Phones,1951.82,4,0.01,175.66
ORD-1491,2022-05-07,2022-05-09,East,Office Supplies,Storage,243.03,7,0.29,-46.18
ORD-1492,2022-05-08,2022-05-10,East,Technology,Storage,203.23,6,0.03,14.23
ORD-1493,2022-05-09,2022-05-11,West,Furniture,Binders,1970.53,7,0.24,-275.87
ORD-1494,2022-05-10,2022-05-12,East,Furniture,Tables,842.12,5,0.08,16.84
ORD-1495,2022-05-11,2022-05-13,Central,Technology,Storage,165.59,4,0.04,9.94
ORD-1496,2022-05-12,2022-05-14,Central,Office Supplies,Phones,3793.26,7,0.13,-113.8
ORD-1497,2022-05-13,2022-05-15,South,Technology,Storage,2319.69,7,0.19,-208.77
ORD-1498,2022-05-14,2022-05-16,East,Technology,Phones,1481.76,6,0.11,-14.82
ORD-1499,2022-05-15,2022-05-17,South,Technology,Binders,4505.41,8,0.02,360.43
ORD-1500,2022-05-16,2022-05-18,Central,Furniture,Storage,624.89,4,0.18,-49.99
ORD-1501,2022-05-17,2022-05-19,East,Technology,Phones,4781.8,5,0.27,-812.91
ORD-1502,2022-05-18,2022-05-20,East,Furniture,Binders,1604.14,4,0.11,-16.04
ORD-1503,2022-05-19,2022-05-21,South,Furniture,Tables,4447.6,1,0.06,177.9
ORD-1504,2022-05-20,2022-05-22,Central,Furniture,Phones,3034.57,8,0.13,-91.04
ORD-1505,2022-05-21,2022-05-23,East,Office Supplies,Tables,4142.2,1,0.01,372.8
ORD-1506,2022-05-22,2022-05-24,South,Furniture,Tables,4920.87,5,0.25,-738.13
ORD-1507,2022-05-23,2022-05-25,Central,Furniture,Chairs,1477.61,6,0.25,-221.64
ORD-1508,2022-05-24,2022-05-26,South,Office Supplies,Storage,4807.62,6,0.18,-384.61
ORD-1509,2022-05-25,2022-05-27,West,Furniture,Phones,1977.94,5,0.11,-19.78
ORD-1510,2022-05-26,2022-05-28,East,Technology,Tables,1958.28,3,0.24,-274.16
ORD-1511,2022-05-27,2022-05-29,West,Technology,Chairs,1734.92,5,0.17,-121.44
ORD-1512,2022-05-28,2022-05-30,Central,Furniture,Binders,2729.97,8,0.25,-409.5
ORD-1513,2022-05-29,2022-05-31,West,Office Supplies,Phones,813.02,2,0.19,-73.17
ORD-1514,2022-05-30,2022-06-01,West,Technology,Tables,2790.87,6,0.24,-390.72
ORD-1515,2022-05-31,2022-06-02,Central,Office Supplies,Storage,2731.44,9,0.18,-218.52
ORD-1516,2022-06-01,2022-06-03,South,Office Supplies,Chairs,3821.41,8,0.12,-76.43
ORD-1517,2022-06-02,2022-06-04,West,Technology,Tables,4176.57,8,0.29,-793.55
ORD-1518,2022-06-03,2022-06-05,South,Office Supplies,Storage,2230.18,8,0.16,-133.81
ORD-1519,2022-06-04,2022-06-06,West,Technology,Tables,1546.55,7,0.18,-123.72
ORD-1520,2022-06-05,2022-06-07,South,Office Supplies,Phones,1333.71,8,0.07,40.01
ORD-1521,2022-06-06,2022-06-08,Central,Technology,Phones,1013.39,6,0.19,-91.21
ORD-1522,2022-06-07,2022-06-09,West,Furniture,Phones,335.36,2,0.17,-23.48
ORD-1523,2022-06-08,2022-06-10,Central,Technology,Chairs,1745.12,2,0.06,69.8
ORD-1524,2022-06-09,2022-06-11,West,Technology,Phones,1387.73,8,0.02,111.02
ORD-1525,2022-06-10,2022-06-12,Central,Technology,Storage,4833.77,1,0.18,-386.7
ORD-1526,2022-06-11,2022-06-13,Central,Technology,Tables,2810.66,6,0.23,-365.39
ORD-1527,2022-06-12,2022-06-14,West,Office Supplies,Binders,1769.02,6,0.16,-106.14
ORD-1528,2022-06-13,2022-06-15,West,Furniture,Storage,2923.31,4,0.07,87.7
ORD-1529,2022-06-14,2022-06-16,West,Technology,Storage,739.02,3,0.2,-73.9
ORD-1530,2022-06-15,2022-06-17,East,Office Supplies,Phones,2248.02,3,0.02,179.84
ORD-1531,2022-06-16,2022-06-18,South,Furniture,Chairs,3149.86,1,0.13,-94.5
ORD-1532,2022-06-17,2022-06-19,East,Furniture,Tables,2470.04,3,0.05,123.5
ORD-1533,2022-06-18,2022-06-20,East,Furniture,Chairs,2038.81,4,0.06,81.55
ORD-1534,2022-06-19,2022-06-21,Central,Furniture,Tables,4969.55,5,0.06,198.78
ORD-1535,2022-06-20,2022-06-22,West,Technology,Tables,4407.56,3,0.12,-88.15
ORD-1536,2022-06-21,2022-06-23,South,Technology,Chairs,3135.86,6,0.02,250.87
ORD-1537,2022-06-22,2022-06-24,Central,Office Supplies,Storage,2868.42,5,0.12,-57.37
ORD-1538,2022-06-23,2022-06-25,East,Office Supplies,Tables,3122.27,3,0.15,-156.11
ORD-1539,2022-06-24,2022-06-26,West,Office Supplies,Chairs,1046.49,6,0.14,-41.86
ORD-1540,2022-06-25,2022-06-27,Central,Furniture,Tables,2005.93,6,0.11,-20.06
ORD-1541,2022-06-26,2022-06-28,West,Furniture,Binders,245.32,8,0.25,-36.8
ORD-1542,2022-06-27,2022-06-29,Central,Technology,Storage,2403.95,2,0.04,144.24
ORD-1543,2022-06-28,2022-06-30,West,Furniture,Phones,2737.97,1,0.15,-136.9
ORD-1544,2022-06-29,2022-07-01,East,Furniture,Tables,1177.36,4,0.02,94.19
ORD-1545,2022-06-30,2022-07-02,South,Furniture,Binders,4821.94,7,0.02,385.76
ORD-1546,2022-07-01,2022-07-03,East,Office Supplies,Phones,4551.8,3,0.17,-318.63
ORD-1547,2022-07-02,2022-07-04,South,Office Supplies,Phones,3624.61,3,0.17,-253.72
ORD-1548,2022-07-03,2022-07-05,West,Technology,Tables,2690.26,5,0.26,-430.44
ORD-1549,2022-07-04,2022-07-06,Central,Furniture,Chairs,4356.35,5,0.17,-304.94
ORD-1550,2022-07-05,2022-07-07,East,Furniture,Tables,696.73,3,0.29,-132.38
ORD-1551,2022-07-06,2022-07-08,South,Technology,Binders,3963.02,9,0.01,356.67
ORD-1552,2022-07-07,2022-07-09,East,Furniture,Phones,667.86,4,0.03,46.75
ORD-1553,2022-07-08,2022-07-10,South,Furniture,Tables,3981.34,3,0.01,358.32
ORD-1554,2022-07-09,2022-07-11,East,Office Supplies,Chairs,1415.05,2,0.06,56.6
ORD-1555,2022-07-10,2022-07-12,South,Technology,Tables,4391.6,9,0.16,-263.5
ORD-1556,2022-07-11,2022-07-13,South,Technology,Storage,4723.01,4,0.19,-425.07
ORD-1557,2022-07-12,2022-07-14,West,Technology,Chairs,786.54,3,0.01,70.79
ORD-1558,2022-07-13,2022-07-15,South,Technology,Binders,2340.24,7,0.28,-421.24
ORD-1559,2022-07-14,2022-07-16,West,Office Supplies,Phones,4905.89,8,0.25,-735.88
ORD-1560,2022-07-15,2022-07-17,South,Office Supplies,Tables,2442.87,2,0.09,24.43
ORD-1561,2022-07-16,2022-07-18,Central,Furniture,Chairs,4324.56,7,0.02,345.96
ORD-1562,2022-07-17,2022-07-19,Central,Furniture,Storage,2964.22,5,0.05,148.21
ORD-1563,2022-07-18,2022-07-20,Central,Furniture,Chairs,1907.88,5,0.04,114.47
ORD-1564,2022-07-19,2022-07-21,South,Furniture,Storage,1464.63,3,0.04,87.88
ORD-1565,2022-07-20,2022-07-22,West,Office Supplies,Binders,1055.95,5,0.16,-63.36
ORD-1566,2022-07-21,2022-07-23,West,Technology,Phones,3820.9,2,0.07,114.63
ORD-1567,2022-07-22,2022-07-24,South,Office Supplies,Binders,1963.38,4,0.11,-19.63
ORD-1568,2022-07-23,2022-07-25,Central,Furniture,Tables,2580.81,6,0.3,-516.16
ORD-1569,2022-07-24,2022-07-26,Central,Office Supplies,Chairs,2487.01,1,0.21,-273.57
ORD-1570,2022-07-25,2022-07-27,West,Technology,Storage,2907.53,4,0.28,-523.36
ORD-1571,2022-07-26,2022-07-28,Central,Technology,Storage,4334.61,6,0.04,260.08
ORD-1572,2022-07-27,2022-07-29,East,Office Supplies,Chairs,4904.66,9,0.11,-49.05
ORD-1573,2022-07-28,2022-07-30,West,Office Supplies,Chairs,2067.54,2,0.17,-144.73
ORD-1574,2022-07-29,2022-07-31,Central,Office Supplies,Tables,4146.22,7,0.02,331.7
ORD-1575,2022-07-30,2022-08-01,West,Furniture,Binders,3834.41,6,0.0,383.44
ORD-1576,2022-07-31,2022-08-02,East,Office Supplies,Storage,2888.97,2,0.2,-288.9
ORD-1577,2022-08-01,2022-08-03,West,Office Supplies,Tables,4782.43,8,0.19,-430.42
ORD-1578,2022-08-02,2022-08-04,West,Office Supplies,Binders,1042.35,7,0.12,-20.85
ORD-1579,2022-08-03,2022-08-05,West,Technology,Tables,590.86,5,0.15,-29.54
ORD-1580,2022-08-04,2022-08-06,West,Technology,Storage,4277.11,5,0.12,-85.54
ORD-1581,2022-08-05,2022-08-07,East,Furniture,Chairs,2223.79,7,0.01,200.14
ORD-1582,2022-08-06,2022-08-08,South,Furniture,Chairs,4242.5,9,0.1,0.0
ORD-1583,2022-08-07,2022-08-09,West,Technology,Binders,4470.8,9,0.05,223.54
ORD-1584,2022-08-08,2022-08-10,West,Technology,Phones,359.17,9,0.03,25.14
ORD-1585,2022-08-09,2022-08-11,Central,Technology,Binders,4423.15,6,0.29,-840.4
ORD-1586,2022-08-10,2022-08-12,West,Office Supplies,Phones,2269.18,6,0.18,-181.53
ORD-1587,2022-08-11,2022-08-13,Central,Office Supplies,Tables,2576.64,3,0.22,-309.2
ORD-1588,2022-08-12,2022-08-14,South,Technology,Tables,3151.63,1,0.09,31.52
ORD-1589,2022-08-13,2022-08-15,East,Office Supplies,Storage,4635.59,7,0.12,-92.71
ORD-1590,2022-08-14,2022-08-16,East,Office Supplies,Phones,144.62,4,0.07,4.34
ORD-1591,2022-08-15,2022-08-17,South,Furniture,Storage,2410.38,1,0.03,168.73
ORD-1592,2022-08-16,2022-08-18,East,Technology,Chairs,3454.22,8,0.05,172.71
ORD-1593,2022-08-17,2022-08-19,South,Technology,Phones,3627.4,6,0.24,-507.84
ORD-1594,2022-08-18,2022-08-20,South,Office Supplies,Binders,3478.04,6,0.2,-347.8
ORD-1595,2022-08-19,2022-08-21,South,Technology,Chairs,715.45,2,0.16,-42.93
ORD-1596,2022-08-20,2022-08-22,East,Furniture,Chairs,1532.01,1,0.14,-61.28
ORD-1597,2022-08-21,2022-08-23,Central,Furniture,Binders,1825.64,2,0.28,-328.62
ORD-1598,2022-08-22,2022-08-24,South,Furniture,Chairs,4031.96,4,0.02,322.56
ORD-1599,2022-08-23,2022-08-25,West,Technology,Phones,1429.86,2,0.08,28.6
ORD-1600,2022-08-24,2022-08-26,East,Technology,Storage,1092.99,1,0.1,0.0
ORD-1601,2022-08-25,2022-08-27,South,Technology,Chairs,4789.37,7,0.23,-622.62
ORD-1602,2022-08-26,2022-08-28,South,Technology,Phones,93.87,8,0.3,-18.77
ORD-1603,2022-08-27,2022-08-29,West,Technology,Tables,4989.21,6,0.07,149.68
ORD-1604,2022-08-28,2022-08-30,Central,Furniture,Phones,3400.27,4,0.26,-544.04
ORD-1605,2022-08-29,2022-08-31,Central,Office Supplies,Storage,4150.92,6,0.25,-622.64
ORD-1606,2022-08-30,2022-09-01,Central,Furniture,Phones,1508.37,3,0.07,45.25
ORD-1607,2022-08-31,2022-09-02,South,Technology,Binders,120.86,8,0.12,-2.42
ORD-1608,2022-09-01,2022-09-03,South,Furniture,Storage,3702.45,2,0.12,-74.05
ORD-1609,2022-09-02,2022-09-04,South,Technology,Tables,4179.02,5,0.29,-794.01
ORD-1610,2022-09-03,2022-09-05,East,Technology,Binders,3715.36,1,0.05,185.77
ORD-1611,2022-09-04,2022-09-06,West,Furniture,Phones,757.11,6,0.24,-106.0
ORD-1612,2022-09-05,2022-09-07,South,Technology,Storage,3779.47,2,0.1,0.0
ORD-1613,2022-09-06,2022-09-08,West,Office Supplies,Tables,3856.17,4,0.22,-462.74
ORD-1614,2022-09-07,2022-09-09,West,Technology,Binders,3309.78,6,0.13,-99.29
ORD-1615,2022-09-08,2022-09-10,Central,Office Supplies,Tables,3842.27,8,0.17,-268.96
ORD-1616,2022-09-09,2022-09-11,East,Office Supplies,Phones,4237.31,8,0.25,-635.6
ORD-1617,2022-09-10,2022-09-12,South,Technology,Tables,3087.34,6,0.24,-432.23
ORD-1618,2022-09-11,2022-09-13,Central,Furniture,Chairs,488.59,4,0.26,-78.17
ORD-1619,2022-09-12,2022-09-14,Central,Office Supplies,Binders,2463.76,8,0.02,197.1
ORD-1620,2022-09-13,2022-09-15,South,Furniture,Tables,434.36,8,0.21,-47.78
ORD-1621,2022-09-14,2022-09-16,West,Office Supplies,Phones,2067.34,1,0.04,124.04
ORD-1622,2022-09-15,2022-09-17,Central,Technology,Phones,2065.18,4,0.12,-41.3
ORD-1623,2022-09-16,2022-09-18,West,Technology,Tables,376.75,4,0.16,-22.6
ORD-1624,2022-09-17,2022-09-19,East,Office Supplies,Phones,1776.66,7,0.12,-35.53
ORD-1625,2022-09-18,2022-09-20,West,Technology,Storage,599.44,7,0.16,-35.97
ORD-1626,2022-09-19,2022-09-21,East,Office Supplies,Storage,4050.76,8,0.3,-810.15
ORD-1627,2022-09-20,2022-09-22,West,Technology,Storage,4741.06,5,0.04,284.46
ORD-1628,2022-09-21,2022-09-23,Central,Furniture,Chairs,407.97,7,0.2,-40.8
ORD-1629,2022-09-22,2022-09-24,Central,Technology,Tables,4777.82,8,0.12,-95.56
ORD-1630,2022-09-23,2022-09-25,East,Furniture,Chairs,2636.75,9,0.04,158.21
ORD-1631,2022-09-24,2022-09-26,South,Technology,Phones,1532.85,3,0.05,76.64
ORD-1632,2022-09-25,2022-09-27,East,Furniture,Chairs,430.47,3,0.28,-77.48
ORD-1633,2022-09-26,2022-09-28,East,Technology,Phones,2528.09,4,0.26,-404.49
ORD-1634,2022-09-27,2022-09-29,West,Furniture,Phones,3982.85,5,0.27,-677.08
ORD-1635,2022-09-28,2022-09-30,West,Office Supplies,Binders,3550.08,1,0.3,-710.02
ORD-1636,2022-09-29,2022-10-01,East,Office Supplies,Storage,298.62,7,0.06,11.94
ORD-1637,2022-09-30,2022-10-02,Central,Furniture,Phones,410.86,9,0.11,-4.11
ORD-1638,2022-10-01,2022-10-03,West,Technology,Binders,2044.22,8,0.2,-204.42
ORD-1639,2022-10-02,2022-10-04,South,Furniture,Storage,1511.69,5,0.15,-75.58
ORD-1640,2022-10-03,2022-10-05,West,Technology,Phones,1200.3,4,0.13,-36.01
ORD-1641,2022-10-04,2022-10-06,West,Office Supplies,Phones,1440.97,7,0.11,-14.41
ORD-1642,2022-10-05,2022-10-07,South,Technology,Chairs,4027.24,5,0.18,-322.18
ORD-1643,2022-10-06,2022-10-08,East,Office Supplies,Chairs,4649.68,7,0.17,-325.48
ORD-1644,2022-10-07,2022-10-09,South,Technology,Storage,2055.26,1,0.05,102.76
ORD-1645,2022-10-08,2022-10-10,East,Technology,Phones,4535.25,1,0.14,-181.41
ORD-1646,2022-10-09,2022-10-11,East,Technology,Tables,1641.4,3,0.17,-114.9
ORD-1647,2022-10-10,2022-10-12,East,Furniture,Chairs,2408.36,2,0.17,-168.59
ORD-1648,2022-10-11,2022-10-13,South,Furniture,Storage,1168.84,2,0.06,46.75
ORD-1649,2022-10-12,2022-10-14,East,Office Supplies,Phones,3220.36,7,0.22,-386.44
ORD-1650,2022-10-13,2022-10-15,Central,Office Supplies,Phones,4895.96,2,0.01,440.64
ORD-1651,2022-10-14,2022-10-16,South,Furniture,Tables,3037.29,4,0.11,-30.37
ORD-1652,2022-10-15,2022-10-17,Central,Office Supplies,Storage,1821.18,2,0.23,-236.75
ORD-1653,2022-10-16,2022-10-18,East,Furniture,Phones,3256.7,6,0.17,-227.97
ORD-1654,2022-10-17,2022-10-19,West,Technology,Chairs,658.46,8,0.08,13.17
ORD-1655,2022-10-18,2022-10-20,East,Office Supplies,Tables,4448.86,4,0.21,-489.37
ORD-1656,2022-10-19,2022-10-21,Central,Office Supplies,Storage,2540.27,5,0.17,-177.82
ORD-1657,2022-10-20,2022-10-22,Central,Furniture,Tables,2274.28,4,0.24,-318.4
ORD-1658,2022-10-21,2022-10-23,South,Office Supplies,Chairs,2950.03,3,0.22,-354.0
ORD-1659,2022-10-22,2022-10-24,West,Office Supplies,Storage,3142.68,5,0.18,-251.41
ORD-1660,2022-10-23,2022-10-25,South,Technology,Tables,405.29,9,0.15,-20.26
ORD-1661,2022-10-24,2022-10-26,Central,Office Supplies,Binders,3428.96,8,0.04,205.74
ORD-1662,2022-10-25,2022-10-27,East,Technology,Chairs,1247.56,8,0.08,24.95
ORD-1663,2022-10-26,2022-10-28,West,Furniture,Chairs,3584.07,8,0.13,-107.52
ORD-1664,2022-10-27,2022-10-29,East,Office Supplies,Chairs,4121.55,8,0.18,-329.72
ORD-1665,2022-10-28,2022-10-30,East,Technology,Binders,4029.59,7,0.15,-201.48
ORD-1666,2022-10-29,2022-10-31,West,Furniture,Binders,2784.88,8,0.09,27.85
ORD-1667,2022-10-30,2022-11-01,South,Office Supplies,Phones,2624.84,8,0.0,262.48
ORD-1668,2022-10-31,2022-11-02,East,Furniture,Tables,757.24,8,0.15,-37.86
ORD-1669,2022-11-01,2022-11-03,Central,Office Supplies,Phones,3887.96,7,0.09,38.88
ORD-1670,2022-11-02,2022-11-04,East,Furniture,Tables,1393.48,1,0.22,-167.22
ORD-1671,2022-11-03,2022-11-05,West,Furniture,Binders,2508.64,4,0.01,225.78
ORD-1672,2022-11-04,2022-11-06,West,Technology,Binders,1457.16,4,0.18,-116.57
ORD-1673,2022-11-05,2022-11-07,West,Furniture,Phones,712.45,5,0.28,-128.24
ORD-1674,2022-11-06,2022-11-08,South,Office Supplies,Storage,3166.31,6,0.05,158.32
ORD-1675,2022-11-07,2022-11-09,East,Office Supplies,Phones,318.94,4,0.14,-12.76
ORD-1676,2022-11-08,2022-11-10,South,Technology,Tables,3755.79,2,0.03,262.91
ORD-1677,2022-11-09,2022-11-11,South,Office Supplies,Phones,1622.05,6,0.19,-145.98
ORD-1678,2022-11-10,2022-11-12,West,Office Supplies,Chairs,50.67,8,0.17,-3.55
ORD-1679,2022-11-11,2022-11-13,West,Office Supplies,Tables,2580.09,8,0.12,-51.6
ORD-1680,2022-11-12,2022-11-14,South,Furniture,Tables,281.92,7,0.16,-16.92
ORD-1681,2022-11-13,2022-11-15,East,Furniture,Storage,1417.04,6,0.27,-240.9
ORD-1682,2022-11-14,2022-11-16,Central,Office Supplies,Binders,3549.53,2,0.06,141.98
ORD-1683,2022-11-15,2022-11-17,South,Technology,Tables,360.31,7,0.01,32.43
ORD-1684,2022-11-16,2022-11-18,East,Furniture,Binders,4204.73,5,0.26,-672.76
ORD-1685,2022-11-17,2022-11-19,West,Technology,Phones,68.91,6,0.17,-4.82
ORD-1686,2022-11-18,2022-11-20,West,Office Supplies,Chairs,1271.78,8,0.27,-216.2
ORD-1687,2022-11-19,2022-11-21,East,Office Supplies,Storage,3717.48,8,0.18,-297.4
ORD-1688,2022-11-20,2022-11-22,Central,Furniture,Binders,1615.54,3,0.24,-226.18
ORD-1689,2022-11-21,2022-11-23,West,Office Supplies,Tables,554.37,7,0.13,-16.63
ORD-1690,2022-11-22,2022-11-24,West,Furniture,Binders,1833.16,1,0.22,-219.98
ORD-1691,2022-11-23,2022-11-25,West,Office Supplies,Tables,1388.45,1,0.27,-236.04
ORD-1692,2022-11-24,2022-11-26,East,Office Supplies,Binders,4221.42,7,0.17,-295.5
ORD-1693,2022-11-25,2022-11-27,South,Furniture,Tables,1601.07,9,0.05,80.05
ORD-1694,2022-11-26,2022-11-28,West,Furniture,Phones,3955.22,7,0.08,79.1
ORD-1695,2022-11-27,2022-11-29,South,Furniture,Tables,4464.77,5,0.06,178.59
ORD-1696,2022-11-28,2022-11-30,Central,Office Supplies,Tables,2197.4,8,0.07,65.92
ORD-1697,2022-11-29,2022-12-01,West,Office Supplies,Chairs,4554.22,2,0.09,45.54
ORD-1698,2022-11-30,2022-12-02,West,Technology,Tables,1917.72,9,0.17,-134.24
ORD-1699,2022-12-01,2022-12-03,Central,Furniture,Chairs,4822.19,6,0.18,-385.78
ORD-1700,2022-12-02,2022-12-04,West,Office Supplies,Storage,491.98,9,0.13,-14.76
ORD-1701,2022-12-03,2022-12-05,South,Office Supplies,Chairs,3450.75,2,0.18,-276.06
ORD-1702,2022-12-04,2022-12-06,East,Furniture,Phones,2494.38,3,0.02,199.55
ORD-1703,2022-12-05,2022-12-07,South,Technology,Chairs,1968.86,8,0.03,137.82
ORD-1704,2022-12-06,2022-12-08,East,Furniture,Storage,3181.92,1,0.05,159.1
ORD-1705,2022-12-07,2022-12-09,East,Technology,Phones,3534.09,7,0.16,-212.05
ORD-1706,2022-12-08,2022-12-10,South,Office Supplies,Binders,71.6,7,0.06,2.86
ORD-1707,2022-12-09,2022-12-11,South,Technology,Binders,876.42,1,0.08,17.53
ORD-1708,2022-12-10,2022-12-12,South,Office Supplies,Chairs,3579.58,9,0.12,-71.59
ORD-1709,2022-12-11,2022-12-13,South,Furniture,Chairs,3348.61,8,0.24,-468.81
ORD-1710,2022-12-12,2022-12-14,Central,Furniture,Storage,4831.94,4,0.0,483.19
ORD-1711,2022-12-13,2022-12-15,West,Furniture,Storage,3817.14,5,0.19,-343.54
ORD-1712,2022-12-14,2022-12-16,East,Technology,Tables,4756.32,2,0.2,-475.63
ORD-1713,2022-12-15,2022-12-17,South,Office Supplies,Storage,3527.58,9,0.24,-493.86
ORD-1714,2022-12-16,2022-12-18,South,Furniture,Tables,1525.36,6,0.28,-274.56
ORD-1715,2022-12-17,2022-12-19,South,Furniture,Phones,571.56,3,0.01,51.44
ORD-1716,2022-12-18,2022-12-20,Central,Office Supplies,Chairs,3920.03,7,0.05,196.0
ORD-1717,2022-12-19,2022-12-21,South,Furniture,Phones,3238.54,9,0.27,-550.55
ORD-1718,2022-12-20,2022-12-22,South,Office Supplies,Storage,288.52,3,0.14,-11.54
ORD-1719,2022-12-21,2022-12-23,South,Office Supplies,Phones,1832.25,2,0.17,-128.26
ORD-1720,2022-12-22,2022-12-24,West,Office Supplies,Phones,4786.16,7,0.2,-478.62
ORD-1721,2022-12-23,2022-12-25,Central,Office Supplies,Phones,2526.99,7,0.2,-252.7
ORD-1722,2022-12-24,2022-12-26,South,Office Supplies,Storage,2192.01,4,0.28,-394.56
ORD-1723,2022-12-25,2022-12-27,East,Technology,Phones,2315.61,9,0.3,-463.12
ORD-1724,2022-12-26,2022-12-28,East,Furniture,Tables,1083.97,8,0.22,-130.08
ORD-1725,2022-12-27,2022-12-29,East,Technology,Storage,1875.1,1,0.09,18.75
ORD-1726,2022-12-28,2022-12-30,Central,Furniture,Phones,1880.58,1,0.26,-300.89
ORD-1727,2022-12-29,2022-12-31,Central,Technology,Storage,309.16,5,0.01,27.82
ORD-1728,2022-12-30,2023-01-01,East,Office Supplies,Binders,3849.46,6,0.07,115.48
ORD-1729,2022-12-31,2023-01-02,South,Furniture,Tables,2111.7,3,0.27,-358.99
ORD-1730,2023-01-01,2023-01-03,Central,Furniture,Phones,4119.79,9,0.08,82.4
ORD-1731,2023-01-02,2023-01-04,East,Technology,Binders,4259.22,6,0.07,127.78
ORD-1732,2023-01-03,2023-01-05,East,Technology,Binders,1099.37,4,0.04,65.96
ORD-1733,2023-01-04,2023-01-06,South,Furniture,Storage,3303.9,7,0.26,-528.62
ORD-1734,2023-01-05,2023-01-07,West,Technology,Binders,2387.79,8,0.15,-119.39
ORD-1735,2023-01-06,2023-01-08,Central,Technology,Tables,4406.78,9,0.2,-440.68
ORD-1736,2023-01-07,2023-01-09,South,Technology,Tables,1117.92,6,0.07,33.54
ORD-1737,2023-01-08,2023-01-10,East,Office Supplies,Chairs,3405.18,6,0.23,-442.67
ORD-1738,2023-01-09,2023-01-11,East,Office Supplies,Tables,3058.37,8,0.23,-397.59
ORD-1739,2023-01-10,2023-01-12,South,Technology,Binders,1511.74,5,0.09,15.12
ORD-1740,2023-01-11,2023-01-13,Central,Technology,Tables,726.17,3,0.12,-14.52
ORD-1741,2023-01-12,2023-01-14,West,Office Supplies,Storage,3275.62,3,0.06,131.02
ORD-1742,2023-01-13,2023-01-15,West,Office Supplies,Chairs,3706.06,6,0.29,-704.15
ORD-1743,2023-01-14,2023-01-16,East,Furniture,Binders,1612.36,2,0.19,-145.11
ORD-1744,2023-01-15,2023-01-17,Central,Furniture,Chairs,3241.92,6,0.28,-583.55
ORD-1745,2023-01-16,2023-01-18,West,Office Supplies,Binders,2005.9,6,0.09,20.06
ORD-1746,2023-01-17,2023-01-19,Central,Technology,Storage,3580.37,8,0.23,-465.45
ORD-1747,2023-01-18,2023-01-20,Central,Technology,Chairs,1036.12,7,0.23,-134.7
ORD-1748,2023-01-19,2023-01-21,East,Technology,Phones,4456.56,8,0.21,-490.22
ORD-1749,2023-01-20,2023-01-22,West,Technology,Binders,1472.68,9,0.29,-279.81
ORD-1750,2023-01-21,2023-01-23,South,Furniture,Phones,1870.54,6,0.12,-37.41
ORD-1751,2023-01-22,2023-01-24,East,Office Supplies,Chairs,337.56,3,0.04,20.25
ORD-1752,2023-01-23,2023-01-25,West,Technology,Phones,601.99,3,0.2,-60.2
ORD-1753,2023-01-24,2023-01-26,West,Furniture,Phones,2603.52,1,0.22,-312.42
ORD-1754,2023-01-25,2023-01-27,West,Technology,Chairs,1374.58,5,0.17,-96.22
ORD-1755,2023-01-26,2023-01-28,West,Office Supplies,Storage,4185.63,4,0.06,167.43
ORD-1756,2023-01-27,2023-01-29,West,Furniture,Phones,122.73,9,0.15,-6.14
ORD-1757,2023-01-28,2023-01-30,Central,Office Supplies,Phones,1926.52,9,0.09,19.27
ORD-1758,2023-01-29,2023-01-31,East,Office Supplies,Storage,1719.86,5,0.13,-51.6
ORD-1759,2023-01-30,2023-02-01,Central,Furniture,Phones,145.67,4,0.19,-13.11
ORD-1760,2023-01-31,2023-02-02,South,Furniture,Phones,665.62,7,0.22,-79.87
ORD-1761,2023-02-01,2023-02-03,West,Furniture,Phones,2097.53,6,0.07,62.93
ORD-1762,2023-02-02,2023-02-04,East,Furniture,Tables,2489.68,4,0.12,-49.79
ORD-1763,2023-02-03,2023-02-05,West,Furniture,Storage,2051.23,2,0.08,41.02
ORD-1764,2023-02-04,2023-02-06,East,Furniture,Phones,2678.14,1,0.06,107.13
ORD-1765,2023-02-05,2023-02-07,Central,Furniture,Storage,2995.9,4,0.24,-419.43
ORD-1766,2023-02-06,2023-02-08,East,Technology,Binders,99.12,4,0.27,-16.85
ORD-1767,2023-02-07,2023-02-09,South,Office Supplies,Binders,2347.27,1,0.11,-23.47
ORD-1768,2023-02-08,2023-02-10,South,Furniture,Phones,4819.32,6,0.23,-626.51
ORD-1769,2023-02-09,2023-02-11,East,Technology,Storage,2619.21,4,0.27,-445.27
ORD-1770,2023-02-10,2023-02-12,East,Technology,Storage,3403.83,1,0.25,-510.57
ORD-1771,2023-02-11,2023-02-13,East,Technology,Storage,1593.73,1,0.05,79.69
ORD-1772,2023-02-12,2023-02-14,East,Office Supplies,Tables,3881.26,1,0.29,-737.44
ORD-1773,2023-02-13,2023-02-15,South,Furniture,Binders,3875.96,8,0.11,-38.76
ORD-1774,2023-02-14,2023-02-16,West,Technology,Storage,2630.42,8,0.1,0.0
ORD-1775,2023-02-15,2023-02-17,East,Office Supplies,Storage,4881.27,2,0.02,390.5
ORD-1776,2023-02-16,2023-02-18,East,Office Supplies,Tables,671.47,7,0.15,-33.57
ORD-1777,2023-02-17,2023-02-19,South,Office Supplies,Tables,133.89,8,0.03,9.37
ORD-1778,2023-02-18,2023-02-20,South,Technology,Storage,3862.28,8,0.07,115.87
ORD-1779,2023-02-19,2023-02-21,Central,Furniture,Chairs,4045.42,7,0.1,0.0
ORD-1780,2023-02-20,2023-02-22,East,Technology,Storage,645.03,5,0.24,-90.3
ORD-1781,2023-02-21,2023-02-23,Central,Technology,Storage,1364.64,1,0.26,-218.34
ORD-1782,2023-02-22,2023-02-24,South,Furniture,Tables,136.88,9,0.09,1.37
ORD-1783,2023-02-23,2023-02-25,South,Furniture,Tables,1501.88,7,0.26,-240.3
ORD-1784,2023-02-24,2023-02-26,West,Furniture,Storage,3877.05,2,0.26,-620.33
ORD-1785,2023-02-25,2023-02-27,East,Office Supplies,Storage,2613.9,6,0.23,-339.81
ORD-1786,2023-02-26,2023-02-28,Central,Furniture,Storage,1773.07,2,0.04,106.38
ORD-1787,2023-02-27,2023-03-01,South,Technology,Tables,1890.11,1,0.21,-207.91
ORD-1788,2023-02-28,2023-03-02,South,Furniture,Storage,56.7,7,0.28,-10.21
ORD-1789,2023-03-01,2023-03-03,Central,Technology,Storage,1534.01,2,0.2,-153.4
ORD-1790,2023-03-02,2023-03-04,West,Office Supplies,Phones,3249.97,2,0.1,0.0
ORD-1791,2023-03-03,2023-03-05,South,Technology,Chairs,4872.26,5,0.15,-243.61
ORD-1792,2023-03-04,2023-03-06,East,Technology,Binders,4242.95,5,0.19,-381.87
ORD-1793,2023-03-05,2023-03-07,South,Furniture,Chairs,166.8,7,0.15,-8.34
ORD-1794,2023-03-06,2023-03-08,East,Furniture,Phones,4497.87,1,0.04,269.87
ORD-1795,2023-03-07,2023-03-09,Central,Technology,Binders,3926.83,8,0.09,39.27
ORD-1796,2023-03-08,2023-03-10,East,Furniture,Storage,3912.86,3,0.24,-547.8
ORD-1797,2023-03-09,2023-03-11,Central,Office Supplies,Phones,2317.08,4,0.26,-370.73
ORD-1798,2023-03-10,2023-03-12,East,Office Supplies,Storage,2020.13,9,0.04,121.21
ORD-1799,2023-03-11,2023-03-13,Central,Furniture,Tables,1549.43,4,0.29,-294.39
ORD-1800,2023-03-12,2023-03-14,East,Office Supplies,Phones,375.19,5,0.1,0.0
ORD-1801,2023-03-13,2023-03-15,West,Furniture,Tables,1179.77,7,0.2,-117.98
ORD-1802,2023-03-14,2023-03-16,East,Technology,Phones,1270.69,4,0.23,-165.19
ORD-1803,2023-03-15,2023-03-17,East,Technology,Phones,2446.18,1,0.24,-342.47
ORD-1804,2023-03-16,2023-03-18,West,Office Supplies,Tables,3749.85,9,0.28,-674.97
ORD-1805,2023-03-17,2023-03-19,South,Furniture,Binders,2395.36,4,0.09,23.95
ORD-1806,2023-03-18,2023-03-20,South,Furniture,Chairs,336.33,9,0.26,-53.81
ORD-1807,2023-03-19,2023-03-21,East,Office Supplies,Storage,4791.06,6,0.04,287.46
ORD-1808,2023-03-20,2023-03-22,West,Technology,Phones,4716.49,1,0.21,-518.81
ORD-1809,2023-03-21,2023-03-23,East,Office Supplies,Storage,3936.69,3,0.22,-472.4
ORD-1810,2023-03-22,2023-03-24,Central,Technology,Tables,4957.07,2,0.2,-495.71
ORD-1811,2023-03-23,2023-03-25,Central,Furniture,Storage,2745.19,9,0.08,54.9
ORD-1812,2023-03-24,2023-03-26,East,Technology,Tables,4815.7,1,0.26,-770.51
ORD-1813,2023-03-25,2023-03-27,South,Office Supplies,Storage,424.24,9,0.05,21.21
ORD-1814,2023-03-26,2023-03-28,South,Furniture,Chairs,1860.12,9,0.02,148.81
ORD-1815,2023-03-27,2023-03-29,East,Office Supplies,Chairs,1165.64,8,0.22,-139.88
ORD-1816,2023-03-28,2023-03-30,East,Office Supplies,Chairs,1019.37,8,0.14,-40.77
ORD-1817,2023-03-29,2023-03-31,Central,Technology,Chairs,746.97,1,0.25,-112.05
ORD-1818,2023-03-30,2023-04-01,South,Office Supplies,Chairs,3130.95,8,0.12,-62.62
ORD-1819,2023-03-31,2023-04-02,East,Technology,Chairs,3917.54,3,0.05,195.88
ORD-1820,2023-04-01,2023-04-03,Central,Furniture,Tables,2912.58,7,0.25,-436.89
ORD-1821,2023-04-02,2023-04-04,South,Technology,Phones,777.47,1,0.16,-46.65
ORD-1822,2023-04-03,2023-04-05,West,Furniture,Storage,4065.06,1,0.06,162.6
ORD-1823,2023-04-04,2023-04-06,Central,Technology,Chairs,3197.98,5,0.22,-383.76
ORD-1824,2023-04-05,2023-04-07,South,Office Supplies,Tables,1971.42,5,0.15,-98.57
ORD-1825,2023-04-06,2023-04-08,South,Technology,Tables,3386.94,8,0.18,-270.96
ORD-1826,2023-04-07,2023-04-09,Central,Technology,Tables,1336.53,7,0.14,-53.46
ORD-1827,2023-04-08,2023-04-10,West,Furniture,Phones,1758.7,8,0.25,-263.8
ORD-1828,2023-04-09,2023-04-11,Central,Office Supplies,Storage,4591.55,6,0.25,-688.73
ORD-1829,2023-04-10,2023-04-12,South,Technology,Phones,1488.0,6,0.21,-163.68
ORD-1830,2023-04-11,2023-04-13,East,Office Supplies,Binders,2376.44,2,0.03,166.35
ORD-1831,2023-04-12,2023-04-14,East,Technology,Tables,4456.2,6,0.25,-668.43
ORD-1832,2023-04-13,2023-04-15,Central,Technology,Binders,3553.22,5,0.2,-355.32
ORD-1833,2023-04-14,2023-04-16,South,Office Supplies,Chairs,357.91,3,0.21,-39.37
ORD-1834,2023-04-15,2023-04-17,East,Technology,Chairs,779.15,6,0.11,-7.79
ORD-1835,2023-04-16,2023-04-18,South,Office Supplies,Phones,88.82,8,0.26,-14.21
ORD-1836,2023-04-17,2023-04-19,Central,Technology,Storage,3173.06,9,0.22,-380.77
ORD-1837,2023-04-18,2023-04-20,East,Furniture,Binders,2265.98,1,0.03,158.62
ORD-1838,2023-04-19,2023-04-21,South,Office Supplies,Storage,714.66,3,0.12,-14.29
ORD-1839,2023-04-20,2023-04-22,East,Technology,Phones,4791.77,3,0.27,-814.6
ORD-1840,2023-04-21,2023-04-23,Central,Technology,Chairs,2671.82,8,0.01,240.46
ORD-1841,2023-04-22,2023-04-24,South,Furniture,Storage,1247.37,1,0.29,-237.0
ORD-1842,2023-04-23,2023-04-25,East,Office Supplies,Storage,2527.99,5,0.2,-252.8
ORD-1843,2023-04-24,2023-04-26,Central,Technology,Chairs,3414.12,3,0.19,-307.27
ORD-1844,2023-04-25,2023-04-27,East,Furniture,Binders,427.38,2,0.08,8.55
ORD-1845,2023-04-26,2023-04-28,East,Technology,Chairs,1409.78,8,0.07,42.29
ORD-1846,2023-04-27,2023-04-29,West,Office Supplies,Storage,4044.48,3,0.28,-728.01
ORD-1847,2023-04-28,2023-04-30,West,Technology,Binders,2325.34,7,0.09,23.25
ORD-1848,2023-04-29,2023-05-01,Central,Technology,Binders,2755.56,1,0.23,-358.22
ORD-1849,2023-04-30,2023-05-02,West,Technology,Chairs,2192.44,6,0.12,-43.85
ORD-1850,2023-05-01,2023-05-03,Central,Technology,Storage,267.3,3,0.04,16.04
ORD-1851,2023-05-02,2023-05-04,West,Furniture,Phones,870.46,8,0.0,87.05
ORD-1852,2023-05-03,2023-05-05,East,Furniture,Storage,2255.43,6,0.16,-135.33
ORD-1853,2023-05-04,2023-05-06,Central,Office Supplies,Tables,1085.47,2,0.29,-206.24
ORD-1854,2023-05-05,2023-05-07,Central,Furniture,Phones,297.4,6,0.11,-2.97
ORD-1855,2023-05-06,2023-05-08,East,Furniture,Binders,4226.07,7,0.11,-42.26
ORD-1856,2023-05-07,2023-05-09,Central,Office Supplies,Phones,4906.9,5,0.1,0.0
ORD-1857,2023-05-08,2023-05-10,Central,Furniture,Binders,3976.06,3,0.16,-238.56
ORD-1858,2023-05-09,2023-05-11,West,Furniture,Binders,4276.24,4,0.13,-128.29
ORD-1859,2023-05-10,2023-05-12,Central,Office Supplies,Phones,1247.79,4,0.26,-199.65
ORD-1860,2023-05-11,2023-05-13,South,Office Supplies,Binders,4805.1,6,0.15,-240.25
ORD-1861,2023-05-12,2023-05-14,East,Office Supplies,Binders,1024.78,1,0.15,-51.24
ORD-1862,2023-05-13,2023-05-15,West,Technology,Tables,4759.58,4,0.04,285.57
ORD-1863,2023-05-14,2023-05-16,West,Technology,Storage,4974.36,4,0.29,-945.13
ORD-1864,2023-05-15,2023-05-17,South,Office Supplies,Storage,3573.03,1,0.07,107.19
ORD-1865,2023-05-16,2023-05-18,East,Office Supplies,Tables,4906.66,9,0.02,392.53
ORD-1866,2023-05-17,2023-05-19,East,Office Supplies,Phones,2869.22,4,0.2,-286.92
ORD-1867,2023-05-18,2023-05-20,West,Technology,Chairs,1334.73,7,0.18,-106.78
ORD-1868,2023-05-19,2023-05-21,Central,Technology,Chairs,2213.13,3,0.12,-44.26
ORD-1869,2023-05-20,2023-05-22,West,Furniture,Chairs,2988.13,3,0.13,-89.64
ORD-1870,2023-05-21,2023-05-23,East,Furniture,Tables,411.75,8,0.24,-57.64
ORD-1871,2023-05-22,2023-05-24,South,Office Supplies,Tables,3130.6,8,0.06,125.22
ORD-1872,2023-05-23,2023-05-25,West,Technology,Binders,4906.83,1,0.25,-736.02
ORD-1873,2023-05-24,2023-05-26,East,Technology,Chairs,991.03,2,0.19,-89.19
ORD-1874,2023-05-25,2023-05-27,West,Technology,Phones,3973.35,8,0.13,-119.2
ORD-1875,2023-05-26,2023-05-28,Central,Office Supplies,Phones,4544.1,1,0.14,-181.76
ORD-1876,2023-05-27,2023-05-29,West,Furniture,Chairs,4721.32,8,0.08,94.43
ORD-1877,2023-05-28,2023-05-30,West,Office Supplies,Chairs,4802.67,8,0.23,-624.35
ORD-1878,2023-05-29,2023-05-31,East,Furniture,Chairs,2631.23,2,0.15,-131.56
ORD-1879,2023-05-30,2023-06-01,East,Furniture,Tables,4887.67,4,0.1,0.0
ORD-1880,2023-05-31,2023-06-02,East,Office Supplies,Tables,3798.69,6,0.18,-303.9
ORD-1881,2023-06-01,2023-06-03,West,Furniture,Tables,850.27,9,0.3,-170.05
ORD-1882,2023-06-02,2023-06-04,Central,Furniture,Storage,2410.66,8,0.13,-72.32
ORD-1883,2023-06-03,2023-06-05,South,Technology,Phones,3605.74,8,0.28,-649.03
ORD-1884,2023-06-04,2023-06-06,South,Furniture,Phones,1274.33,7,0.1,0.0
ORD-1885,2023-06-05,2023-06-07,East,Office Supplies,Binders,3221.05,9,0.02,257.68
ORD-1886,2023-06-06,2023-06-08,East,Office Supplies,Tables,3349.67,2,0.06,133.99
ORD-1887,2023-06-07,2023-06-09,West,Furniture,Storage,855.36,3,0.13,-25.66
ORD-1888,2023-06-08,2023-06-10,South,Technology,Storage,2847.17,8,0.07,85.42
ORD-1889,2023-06-09,2023-06-11,East,Technology,Phones,3869.55,6,0.0,386.96
ORD-1890,2023-06-10,2023-06-12,Central,Furniture,Tables,2519.53,9,0.27,-428.32
ORD-1891,2023-06-11,2023-06-13,Central,Furniture,Binders,109.91,4,0.25,-16.49
ORD-1892,2023-06-12,2023-06-14,East,Office Supplies,Tables,94.74,8,0.22,-11.37
ORD-1893,2023-06-13,2023-06-15,East,Furniture,Chairs,1817.3,3,0.05,90.86
ORD-1894,2023-06-14,2023-06-16,South,Technology,Tables,4634.66,3,0.04,278.08
ORD-1895,2023-06-15,2023-06-17,South,Furniture,Chairs,1181.95,8,0.02,94.56
ORD-1896,2023-06-16,2023-06-18,West,Office Supplies,Chairs,3190.1,5,0.22,-382.81
ORD-1897,2023-06-17,2023-06-19,South,Office Supplies,Binders,1149.28,3,0.28,-206.87
ORD-1898,2023-06-18,2023-06-20,Central,Office Supplies,Phones,1642.27,1,0.13,-49.27
ORD-1899,2023-06-19,2023-06-21,Central,Office Supplies,Tables,4247.81,3,0.04,254.87
ORD-1900,2023-06-20,2023-06-22,East,Office Supplies,Chairs,3657.86,9,0.15,-182.89
ORD-1901,2023-06-21,2023-06-23,South,Furniture,Tables,522.23,5,0.1,0.0
ORD-1902,2023-06-22,2023-06-24,West,Furniture,Phones,2172.08,2,0.11,-21.72
ORD-1903,2023-06-23,2023-06-25,Central,Furniture,Phones,194.39,7,0.19,-17.5
ORD-1904,2023-06-24,2023-06-26,Central,Furniture,Storage,2430.41,2,0.22,-291.65
ORD-1905,2023-06-25,2023-06-27,West,Office Supplies,Phones,3329.05,4,0.03,233.03
ORD-1906,2023-06-26,2023-06-28,West,Technology,Binders,636.59,7,0.01,57.29
ORD-1907,2023-06-27,2023-06-29,Central,Furniture,Chairs,1479.98,4,0.3,-296.0
ORD-1908,2023-06-28,2023-06-30,Central,Technology,Storage,2019.29,7,0.07,60.58
ORD-1909,2023-06-29,2023-07-01,West,Furniture,Binders,4601.68,7,0.02,368.13
ORD-1910,2023-06-30,2023-07-02,Central,Furniture,Tables,4966.61,1,0.06,198.66
ORD-1911,2023-07-01,2023-07-03,East,Technology,Chairs,272.31,6,0.01,24.51
ORD-1912,2023-07-02,2023-07-04,East,Office Supplies,Phones,3816.99,9,0.12,-76.34
ORD-1913,2023-07-03,2023-07-05,West,Furniture,Chairs,1890.03,2,0.24,-264.6
ORD-1914,2023-07-04,2023-07-06,South,Furniture,Tables,1992.67,3,0.1,0.0
ORD-1915,2023-07-05,2023-07-07,West,Furniture,Storage,3783.61,5,0.13,-113.51
ORD-1916,2023-07-06,2023-07-08,West,Technology,Storage,4596.21,9,0.2,-459.62
ORD-1917,2023-07-07,2023-07-09,South,Office Supplies,Storage,4757.1,4,0.15,-237.85
ORD-1918,2023-07-08,2023-07-10,South,Technology,Phones,2906.76,1,0.26,-465.08
ORD-1919,2023-07-09,2023-07-11,South,Technology,Binders,1817.75,4,0.26,-290.84
ORD-1920,2023-07-10,2023-07-12,East,Office Supplies,Binders,3948.37,6,0.0,394.84
ORD-1921,2023-07-11,2023-07-13,Central,Technology,Chairs,1292.46,5,0.23,-168.02
ORD-1922,2023-07-12,2023-07-14,East,Office Supplies,Phones,2842.17,1,0.14,-113.69
ORD-1923,2023-07-13,2023-07-15,Central,Furniture,Storage,1824.96,4,0.3,-364.99
ORD-1924,2023-07-14,2023-07-16,East,Office Supplies,Storage,3300.32,6,0.14,-132.01
ORD-1925,2023-07-15,2023-07-17,Central,Furniture,Tables,1239.97,4,0.3,-247.99
ORD-1926,2023-07-16,2023-07-18,East,Technology,Tables,998.39,9,0.23,-129.79
ORD-1927,2023-07-17,2023-07-19,South,Technology,Storage,4595.28,5,0.07,137.86
ORD-1928,2023-07-18,2023-07-20,West,Furniture,Storage,553.93,8,0.16,-33.24
ORD-1929,2023-07-19,2023-07-21,East,Technology,Phones,2554.49,9,0.3,-510.9
ORD-1930,2023-07-20,2023-07-22,Central,Office Supplies,Binders,1143.22,5,0.26,-182.92
ORD-1931,2023-07-21,2023-07-23,South,Furniture,Tables,242.7,6,0.03,16.99
ORD-1932,2023-07-22,2023-07-24,East,Technology,Binders,228.29,1,0.21,-25.11
ORD-1933,2023-07-23,2023-07-25,East,Furniture,Phones,917.35,7,0.1,0.0
ORD-1934,2023-07-24,2023-07-26,South,Office Supplies,Storage,4340.51,4,0.0,434.05
ORD-1935,2023-07-25,2023-07-27,East,Office Supplies,Binders,1448.27,2,0.12,-28.97
ORD-1936,2023-07-26,2023-07-28,West,Technology,Storage,4754.77,5,0.07,142.64
ORD-1937,2023-07-27,2023-07-29,East,Office Supplies,Storage,2929.03,3,0.25,-439.35
ORD-1938,2023-07-28,2023-07-30,West,Furniture,Chairs,2211.24,6,0.1,0.0
ORD-1939,2023-07-29,2023-07-31,West,Office Supplies,Binders,2921.44,8,0.25,-438.22
ORD-1940,2023-07-30,2023-08-01,South,Furniture,Binders,2607.66,7,0.0,260.77
ORD-1941,2023-07-31,2023-08-02,East,Furniture,Storage,3805.94,3,0.09,38.06
ORD-1942,2023-08-01,2023-08-03,South,Office Supplies,Phones,1448.36,8,0.07,43.45
ORD-1943,2023-08-02,2023-08-04,East,Technology,Chairs,1797.6,2,0.07,53.93
ORD-1944,2023-08-03,2023-08-05,East,Office Supplies,Storage,4475.77,9,0.02,358.06
ORD-1945,2023-08-04,2023-08-06,Central,Furniture,Tables,4734.96,4,0.06,189.4
ORD-1946,2023-08-05,2023-08-07,East,Furniture,Tables,4468.16,1,0.17,-312.77
ORD-1947,2023-08-06,2023-08-08,South,Office Supplies,Chairs,2126.27,8,0.09,21.26
ORD-1948,2023-08-07,2023-08-09,West,Technology,Phones,3912.81,7,0.13,-117.38
ORD-1949,2023-08-08,2023-08-10,East,Technology,Storage,2407.86,5,0.11,-24.08
ORD-1950,2023-08-09,2023-08-11,Central,Furniture,Binders,2512.82,5,0.26,-402.05
ORD-1951,2023-08-10,2023-08-12,South,Furniture,Chairs,1063.17,7,0.27,-180.74
ORD-1952,2023-08-11,2023-08-13,East,Technology,Phones,2976.1,5,0.15,-148.8
ORD-1953,2023-08-12,2023-08-14,South,Office Supplies,Binders,971.37,8,0.1,0.0
ORD-1954,2023-08-13,2023-08-15,Central,Furniture,Tables,1691.25,6,0.03,118.39
ORD-1955,2023-08-14,2023-08-16,Central,Furniture,Tables,4282.4,5,0.29,-813.66
ORD-1956,2023-08-15,2023-08-17,South,Technology,Binders,1075.03,9,0.02,86.0
ORD-1957,2023-08-16,2023-08-18,East,Office Supplies,Chairs,402.23,2,0.09,4.02
ORD-1958,2023-08-17,2023-08-19,West,Technology,Tables,391.59,1,0.09,3.92
ORD-1959,2023-08-18,2023-08-20,Central,Office Supplies,Storage,4706.88,8,0.1,0.0
ORD-1960,2023-08-19,2023-08-21,East,Office Supplies,Binders,2559.26,3,0.05,127.96
ORD-1961,2023-08-20,2023-08-22,East,Office Supplies,Binders,2076.59,7,0.23,-269.96
ORD-1962,2023-08-21,2023-08-23,West,Furniture,Tables,4063.85,8,0.04,243.83
ORD-1963,2023-08-22,2023-08-24,Central,Technology,Chairs,4187.34,6,0.19,-376.86
ORD-1964,2023-08-23,2023-08-25,Central,Technology,Storage,1694.35,9,0.04,101.66
ORD-1965,2023-08-24,2023-08-26,East,Office Supplies,Chairs,3483.41,7,0.02,278.67
ORD-1966,2023-08-25,2023-08-27,East,Furniture,Phones,3867.06,5,0.27,-657.4
ORD-1967,2023-08-26,2023-08-28,West,Furniture,Phones,3290.52,8,0.06,131.62
ORD-1968,2023-08-27,2023-08-29,West,Technology,Tables,800.4,2,0.25,-120.06
ORD-1969,2023-08-28,2023-08-30,Central,Furniture,Tables,4385.62,7,0.16,-263.14
ORD-1970,2023-08-29,2023-08-31,South,Furniture,Tables,2718.52,4,0.02,217.48
ORD-1971,2023-08-30,2023-09-01,Central,Office Supplies,Phones,1448.24,9,0.29,-275.17
ORD-1972,2023-08-31,2023-09-02,East,Furniture,Chairs,2154.88,1,0.07,64.65
ORD-1973,2023-09-01,2023-09-03,Central,Office Supplies,Chairs,235.98,7,0.26,-37.76
ORD-1974,2023-09-02,2023-09-04,South,Technology,Tables,682.94,6,0.05,34.15
ORD-1975,2023-09-03,2023-09-05,West,Furniture,Storage,3839.46,8,0.26,-614.31
ORD-1976,2023-09-04,2023-09-06,South,Technology,Chairs,50.06,5,0.0,5.01
ORD-1977,2023-09-05,2023-09-07,South,Technology,Phones,2112.0,1,0.15,-105.6
ORD-1978,2023-09-06,2023-09-08,South,Furniture,Binders,2636.43,1,0.23,-342.74
ORD-1979,2023-09-07,2023-09-09,West,Furniture,Binders,320.44,9,0.28,-57.68
ORD-1980,2023-09-08,2023-09-10,South,Technology,Binders,4866.74,6,0.27,-827.35
ORD-1981,2023-09-09,2023-09-11,South,Furniture,Storage,1169.32,5,0.25,-175.4
ORD-1982,2023-09-10,2023-09-12,South,Office Supplies,Tables,1555.78,1,0.27,-264.48
ORD-1983,2023-09-11,2023-09-13,East,Office Supplies,Phones,1554.52,6,0.06,62.18
ORD-1984,2023-09-12,2023-09-14,South,Furniture,Storage,1190.56,6,0.09,11.91
ORD-1985,2023-09-13,2023-09-15,West,Technology,Phones,57.3,3,0.09,0.57
ORD-1986,2023-09-14,2023-09-16,South,Furniture,Phones,3660.26,8,0.11,-36.6
ORD-1987,2023-09-15,2023-09-17,South,Furniture,Tables,4835.89,1,0.12,-96.72
ORD-1988,2023-09-16,2023-09-18,West,Technology,Binders,1160.25,1,0.16,-69.61
ORD-1989,2023-09-17,2023-09-19,South,Technology,Tables,3332.08,6,0.05,166.6
ORD-1990,2023-09-18,2023-09-20,West,Office Supplies,Storage,3722.39,1,0.21,-409.46
ORD-1991,2023-09-19,2023-09-21,South,Technology,Storage,4249.71,6,0.05,212.49
ORD-1992,2023-09-20,2023-09-22,West,Office Supplies,Storage,2142.01,1,0.09,21.42
ORD-1993,2023-09-21,2023-09-23,South,Technology,Tables,1549.51,6,0.15,-77.48
ORD-1994,2023-09-22,2023-09-24,South,Furniture,Phones,1660.21,3,0.24,-232.43
ORD-1995,2023-09-23,2023-09-25,East,Office Supplies,Phones,3577.48,8,0.22,-429.3
ORD-1996,2023-09-24,2023-09-26,East,Office Supplies,Chairs,4093.06,6,0.19,-368.38
ORD-1997,2023-09-25,2023-09-27,South,Office Supplies,Storage,948.99,1,0.05,47.45
ORD-1998,2023-09-26,2023-09-28,South,Furniture,Phones,1886.16,5,0.16,-113.17
ORD-1999,2023-09-27,2023-09-29,Central,Furniture,Chairs,4514.6,8,0.03,316.02
